Gang,Age,HIV
Yes,14,Negative
Yes,16,Negative
Yes,16,Negative
Yes,16,Negative
Yes,15,Negative
Yes,14,Negative
Yes,16,Negative
Yes,16,Negative
Yes,15,Negative
Yes,14,Negative
Yes,15,Negative
Yes,16,Negative
Yes,15,Negative
Yes,13,Negative
Yes,15,Negative
Yes,14,Negative
Yes,16,Negative
Yes,16,Negative
Yes,16,Negative
Yes,16,Negative
Yes,14,Negative
Yes,17,Negative
Yes,16,Negative
Yes,16,Negative
Yes,16,Negative
Yes,14,Negative
Yes,16,Negative
Yes,16,Negative
Yes,15,Negative
Yes,15,Negative
Yes,16,Negative
Yes,16,Negative
Yes,9,Positive
Yes,9,Positive
Yes,13,Positive
Yes,9,Positive
Yes,9,Positive
Yes,9,Positive
Yes,12,Positive
Yes,9,Positive
Yes,13,Positive
Yes,9,Positive
Yes,9,Positive
Yes,14,Positive
Yes,9,Positive
Yes,11,Positive
Yes,9,Positive
Yes,11,Positive
Yes,12,Positive
Yes,12,Positive
No,29,Negative
No,29,Negative
No,29,Negative
No,29,Negative
No,29,Negative
No,29,Negative
No,29,Negative
No,22,Negative
No,17,Negative
No,11,Negative
No,28,Negative
No,28,Negative
No,29,Negative
No,29,Negative
No,29,Negative
No,24,Negative
No,25,Negative
No,25,Negative
No,25,Negative
No,29,Negative
No,29,Negative
No,13,Positive
No,11,Positive
No,14,Positive
No,14,Positive
No,15,Positive
No,12,Positive
No,12,Positive
No,13,Positive
No,13,Positive
No,12,Positive
No,15,Positive
No,13,Positive
No,11,Positive
No,11,Positive
No,13,Positive
No,12,Positive
No,13,Positive
No,14,Positive
No,12,Positive
No,13,Positive
No,13,Positive
No,12,Positive
No,14,Positive
No,13,Positive
No,13,Positive
No,13,Positive
No,14,Positive
No,14,Positive
No,13,Positive
No,14,Positive
No,15,Positive
No,14,Positive
No,13,Positive
No,12,Positive
No,12,Positive
No,14,Positive
No,15,Positive
No,13,Positive
No,13,Positive
No,13,Positive
No,13,Positive
No,12,Positive
No,22,Positive
No,23,Positive
No,22,Positive
No,24,Positive
No,22,Positive
No,22,Positive
No,23,Positive
No,22,Positive
No,22,Positive
No,22,Positive
No,22,Positive
No,22,Positive
No,22,Positive
No,22,Positive