private_cat,retire_cat,hhincome_cat,age
No PI,0,< $10K,62
No PI,0,< $10K,59
No PI,1,< $10K,60
No PI,0,< $10K,62
No PI,0,< $10K,54
No PI,1,< $10K,62
No PI,0,< $10K,59
No PI,0,< $10K,59
No PI,0,< $10K,65
No PI,0,< $10K,58
No PI,0,< $10K,60
PI,1,< $10K,61
No PI,0,< $10K,64
No PI,0,< $10K,59
No PI,0,< $10K,58
No PI,0,< $10K,62
PI,0,< $10K,65
PI,0,< $10K,63
No PI,0,< $10K,67
PI,0,< $10K,69
No PI,0,< $10K,59
No PI,0,< $10K,59
No PI,0,< $10K,65
No PI,0,< $10K,61
No PI,0,< $10K,69
No PI,0,< $10K,67
No PI,0,< $10K,64
No PI,0,< $10K,66
No PI,0,< $10K,66
No PI,0,< $10K,61
No PI,0,< $10K,63
No PI,0,< $10K,68
No PI,0,< $10K,65
No PI,0,< $10K,66
No PI,0,< $10K,65
No PI,0,< $10K,65
No PI,1,< $10K,68
No PI,0,< $10K,64
No PI,0,< $10K,59
No PI,0,< $10K,66
No PI,1,< $10K,72
No PI,0,< $10K,66
No PI,0,< $10K,66
No PI,1,< $10K,65
No PI,1,< $10K,67
No PI,0,< $10K,57
No PI,0,< $10K,63
No PI,0,< $10K,66
No PI,0,< $10K,59
No PI,1,< $10K,70
No PI,0,< $10K,67
No PI,0,< $10K,60
No PI,0,< $10K,65
No PI,0,< $10K,60
No PI,0,< $10K,63
No PI,0,< $10K,65
No PI,1,< $10K,66
No PI,0,< $10K,58
PI,0,< $10K,59
No PI,1,< $10K,67
No PI,0,< $10K,53
No PI,0,< $10K,59
No PI,1,< $10K,68
No PI,1,< $10K,67
No PI,0,< $10K,67
No PI,1,< $10K,66
No PI,1,< $10K,65
No PI,0,< $10K,64
PI,1,< $10K,66
No PI,1,< $10K,67
PI,1,< $10K,65
No PI,1,< $10K,65
No PI,0,< $10K,63
No PI,1,< $10K,65
No PI,0,< $10K,61
No PI,1,< $10K,66
No PI,1,< $10K,62
No PI,0,< $10K,60
No PI,0,< $10K,69
PI,0,< $10K,63
No PI,1,< $10K,67
No PI,0,< $10K,66
No PI,1,< $10K,68
PI,0,< $10K,66
No PI,0,< $10K,61
No PI,1,< $10K,59
No PI,0,< $10K,60
No PI,0,< $10K,66
No PI,0,< $10K,67
No PI,1,< $10K,67
No PI,0,< $10K,62
No PI,0,< $10K,76
No PI,0,< $10K,65
No PI,1,< $10K,69
No PI,0,< $10K,66
No PI,0,< $10K,62
No PI,0,< $10K,67
No PI,0,< $10K,69
No PI,0,< $10K,59
No PI,0,< $10K,68
No PI,1,< $10K,68
No PI,1,< $10K,69
PI,1,< $10K,63
No PI,1,< $10K,67
No PI,1,< $10K,66
No PI,1,< $10K,69
No PI,0,< $10K,67
PI,0,< $10K,67
No PI,1,< $10K,68
No PI,1,< $10K,67
PI,0,< $10K,67
No PI,1,< $10K,68
No PI,1,< $10K,79
No PI,0,< $10K,62
No PI,1,< $10K,68
No PI,0,< $10K,65
No PI,1,< $10K,69
PI,0,< $10K,60
No PI,0,< $10K,65
PI,0,< $10K,63
No PI,0,< $10K,68
No PI,0,< $10K,60
No PI,0,< $10K,62
No PI,1,< $10K,62
No PI,1,< $10K,60
No PI,0,< $10K,63
No PI,1,< $10K,73
No PI,1,< $10K,69
No PI,0,< $10K,65
No PI,0,< $10K,59
No PI,0,< $10K,65
No PI,0,< $10K,65
No PI,0,< $10K,65
No PI,0,< $10K,61
No PI,0,< $10K,60
No PI,0,< $10K,65
No PI,1,< $10K,68
No PI,0,< $10K,67
No PI,0,< $10K,63
No PI,1,< $10K,67
No PI,0,< $10K,66
No PI,0,< $10K,68
No PI,1,< $10K,66
No PI,0,< $10K,61
No PI,0,< $10K,67
No PI,0,< $10K,60
No PI,1,< $10K,65
No PI,0,< $10K,65
No PI,0,< $10K,67
No PI,1,< $10K,67
No PI,0,< $10K,66
No PI,0,< $10K,67
No PI,1,< $10K,67
No PI,0,< $10K,68
No PI,0,< $10K,68
No PI,0,< $10K,67
No PI,0,< $10K,68
No PI,0,< $10K,63
No PI,0,< $10K,63
No PI,0,< $10K,60
No PI,1,< $10K,66
No PI,0,< $10K,60
No PI,1,< $10K,68
No PI,0,< $10K,67
No PI,0,< $10K,64
No PI,1,< $10K,65
No PI,0,< $10K,60
No PI,0,< $10K,67
No PI,1,< $10K,58
No PI,0,< $10K,68
No PI,0,< $10K,68
No PI,1,< $10K,67
No PI,0,< $10K,63
No PI,0,< $10K,61
No PI,1,< $10K,65
No PI,0,< $10K,61
No PI,0,< $10K,66
No PI,1,< $10K,64
No PI,1,< $10K,67
No PI,1,< $10K,67
No PI,1,< $10K,67
No PI,0,< $10K,65
No PI,0,< $10K,65
No PI,1,< $10K,68
No PI,1,< $10K,67
No PI,1,< $10K,66
No PI,0,< $10K,68
No PI,0,< $10K,66
No PI,1,< $10K,69
No PI,0,< $10K,62
No PI,0,< $10K,67
No PI,0,< $10K,62
No PI,1,< $10K,66
No PI,1,< $10K,66
No PI,1,< $10K,66
No PI,1,< $10K,69
No PI,0,< $10K,66
No PI,0,< $10K,61
No PI,1,< $10K,68
No PI,1,< $10K,70
No PI,1,< $10K,68
No PI,1,< $10K,68
No PI,1,< $10K,67
No PI,0,< $10K,59
No PI,0,< $10K,61
No PI,1,< $10K,68
No PI,0,< $10K,56
No PI,0,< $10K,69
No PI,1,< $10K,68
No PI,1,< $10K,67
No PI,1,< $10K,65
No PI,1,< $10K,68
PI,1,< $10K,64
No PI,1,< $10K,67
No PI,0,< $10K,61
No PI,0,< $10K,60
PI,1,< $10K,68
No PI,0,< $10K,63
No PI,0,< $10K,59
No PI,1,< $10K,67
No PI,1,< $10K,67
No PI,1,< $10K,70
No PI,1,< $10K,67
No PI,0,< $10K,66
No PI,0,< $10K,65
No PI,1,< $10K,67
No PI,0,< $10K,67
No PI,1,< $10K,66
No PI,0,< $10K,63
No PI,0,< $10K,64
No PI,1,< $10K,68
No PI,0,< $10K,62
No PI,0,< $10K,66
No PI,0,< $10K,61
No PI,1,< $10K,68
No PI,1,< $10K,67
No PI,0,< $10K,66
No PI,1,< $10K,69
No PI,1,< $10K,68
No PI,1,< $10K,68
No PI,0,< $10K,61
No PI,0,< $10K,67
No PI,0,< $10K,67
No PI,1,< $10K,66
No PI,1,< $10K,66
No PI,1,< $10K,67
No PI,0,< $10K,60
No PI,0,< $10K,69
No PI,1,< $10K,74
No PI,1,< $10K,75
No PI,1,< $10K,68
No PI,1,< $10K,66
No PI,0,< $10K,63
No PI,1,< $10K,66
No PI,1,< $10K,67
No PI,1,< $10K,66
No PI,1,< $10K,68
No PI,0,< $10K,64
No PI,1,< $10K,65
No PI,0,< $10K,68
No PI,0,< $10K,67
No PI,0,< $10K,66
No PI,0,< $10K,59
No PI,1,< $10K,78
No PI,1,< $10K,66
No PI,0,< $10K,66
No PI,0,< $10K,67
No PI,0,< $10K,59
No PI,1,< $10K,69
No PI,1,< $10K,67
No PI,1,< $10K,75
No PI,1,< $10K,76
No PI,1,< $10K,68
No PI,1,< $10K,68
No PI,0,< $10K,60
No PI,0,< $10K,67
No PI,1,< $10K,71
No PI,1,< $10K,68
No PI,1,< $10K,65
No PI,0,< $10K,62
No PI,1,< $10K,67
No PI,1,< $10K,63
No PI,0,< $10K,68
No PI,1,< $10K,72
No PI,0,< $10K,64
No PI,0,< $10K,64
No PI,0,< $10K,64
No PI,1,< $10K,68
No PI,0,< $10K,69
No PI,1,< $10K,68
No PI,1,< $10K,64
No PI,0,< $10K,65
No PI,1,< $10K,67
No PI,0,< $10K,62
PI,0,< $10K,67
No PI,0,< $10K,59
No PI,1,< $10K,67
PI,1,< $10K,69
No PI,0,< $10K,68
No PI,0,< $10K,63
No PI,1,< $10K,66
No PI,1,< $10K,74
No PI,0,< $10K,67
No PI,1,< $10K,66
No PI,1,< $10K,63
No PI,0,< $10K,69
No PI,0,< $10K,58
No PI,0,< $10K,65
No PI,1,< $10K,67
No PI,0,< $10K,64
No PI,1,< $10K,67
No PI,0,< $10K,66
No PI,1,< $10K,67
No PI,0,< $10K,58
No PI,1,< $10K,65
No PI,1,< $10K,68
No PI,0,< $10K,67
No PI,0,< $10K,64
No PI,1,< $10K,66
PI,0,< $10K,66
No PI,1,< $10K,67
No PI,0,< $10K,75
No PI,0,< $10K,63
No PI,1,< $10K,67
No PI,0,< $10K,67
No PI,1,< $10K,66
No PI,0,< $10K,68
PI,0,< $10K,69
No PI,1,< $10K,68
No PI,0,< $10K,69
No PI,0,< $10K,65
No PI,0,< $10K,78
No PI,0,< $10K,69
No PI,1,< $10K,61
No PI,1,< $10K,60
No PI,1,< $10K,65
PI,0,< $10K,63
No PI,1,< $10K,60
No PI,0,< $10K,58
No PI,1,< $10K,68
No PI,0,< $10K,66
No PI,0,< $10K,70
PI,1,< $10K,66
No PI,1,< $10K,65
No PI,0,< $10K,59
No PI,0,< $10K,62
No PI,1,< $10K,67
No PI,1,< $10K,67
No PI,1,< $10K,75
No PI,0,< $10K,59
No PI,1,< $10K,68
No PI,0,< $10K,59
No PI,1,< $10K,71
No PI,1,< $10K,65
No PI,1,< $10K,67
No PI,0,< $10K,67
No PI,0,< $10K,66
No PI,0,< $10K,66
No PI,0,< $10K,74
No PI,0,< $10K,60
No PI,1,< $10K,64
No PI,1,< $10K,65
No PI,0,< $10K,60
No PI,0,< $10K,60
No PI,1,< $10K,67
No PI,0,< $10K,62
No PI,0,< $10K,59
No PI,0,< $10K,67
No PI,0,< $10K,64
No PI,0,< $10K,61
No PI,0,< $10K,57
No PI,0,< $10K,60
No PI,1,< $10K,65
No PI,1,< $10K,77
No PI,0,< $10K,68
No PI,1,< $10K,65
No PI,0,< $10K,66
No PI,1,< $10K,68
No PI,0,< $10K,65
No PI,1,< $10K,79
No PI,1,< $10K,67
No PI,1,< $10K,65
No PI,0,< $10K,66
PI,0,"[$10K, $30K)",59
No PI,0,"[$10K, $30K)",67
No PI,0,"[$10K, $30K)",61
No PI,0,"[$10K, $30K)",63
No PI,0,"[$10K, $30K)",69
PI,1,"[$10K, $30K)",68
No PI,1,"[$10K, $30K)",66
No PI,0,"[$10K, $30K)",69
No PI,0,"[$10K, $30K)",56
No PI,1,"[$10K, $30K)",67
No PI,1,"[$10K, $30K)",65
No PI,1,"[$10K, $30K)",68
No PI,1,"[$10K, $30K)",69
PI,0,"[$10K, $30K)",65
No PI,1,"[$10K, $30K)",68
PI,1,"[$10K, $30K)",68
PI,1,"[$10K, $30K)",69
No PI,1,"[$10K, $30K)",64
No PI,1,"[$10K, $30K)",65
No PI,0,"[$10K, $30K)",65
No PI,1,"[$10K, $30K)",68
No PI,0,"[$10K, $30K)",67
No PI,1,"[$10K, $30K)",65
No PI,1,"[$10K, $30K)",66
No PI,0,"[$10K, $30K)",66
No PI,1,"[$10K, $30K)",68
No PI,1,"[$10K, $30K)",83
No PI,1,"[$10K, $30K)",68
No PI,1,"[$10K, $30K)",65
No PI,0,"[$10K, $30K)",63
No PI,0,"[$10K, $30K)",67
No PI,1,"[$10K, $30K)",66
No PI,1,"[$10K, $30K)",71
No PI,1,"[$10K, $30K)",66
No PI,1,"[$10K, $30K)",67
No PI,1,"[$10K, $30K)",68
No PI,1,"[$10K, $30K)",82
No PI,0,"[$10K, $30K)",65
No PI,0,"[$10K, $30K)",67
No PI,1,"[$10K, $30K)",66
PI,0,"[$10K, $30K)",64
No PI,0,"[$10K, $30K)",71
PI,1,"[$10K, $30K)",72
No PI,1,"[$10K, $30K)",66
No PI,1,"[$10K, $30K)",67
No PI,1,"[$10K, $30K)",67
No PI,1,"[$10K, $30K)",71
PI,1,"[$10K, $30K)",65
No PI,1,"[$10K, $30K)",65
No PI,1,"[$10K, $30K)",67
No PI,1,"[$10K, $30K)",66
No PI,1,"[$10K, $30K)",66
PI,1,"[$10K, $30K)",68
No PI,1,"[$10K, $30K)",68
No PI,1,"[$10K, $30K)",71
No PI,0,"[$10K, $30K)",68
No PI,0,"[$10K, $30K)",68
No PI,1,"[$10K, $30K)",76
No PI,1,"[$10K, $30K)",68
No PI,0,"[$10K, $30K)",65
No PI,1,"[$10K, $30K)",66
No PI,0,"[$10K, $30K)",69
No PI,0,"[$10K, $30K)",62
No PI,1,"[$10K, $30K)",67
No PI,0,"[$10K, $30K)",61
No PI,1,"[$10K, $30K)",70
No PI,1,"[$10K, $30K)",69
No PI,1,"[$10K, $30K)",67
No PI,0,"[$10K, $30K)",62
No PI,1,"[$10K, $30K)",65
No PI,0,"[$10K, $30K)",65
No PI,1,"[$10K, $30K)",72
No PI,1,"[$10K, $30K)",70
No PI,1,"[$10K, $30K)",68
No PI,1,"[$10K, $30K)",67
No PI,0,"[$10K, $30K)",73
No PI,1,"[$10K, $30K)",67
No PI,0,"[$10K, $30K)",61
No PI,1,"[$10K, $30K)",65
No PI,0,"[$10K, $30K)",72
No PI,0,"[$10K, $30K)",67
No PI,1,"[$10K, $30K)",71
No PI,1,"[$10K, $30K)",67
No PI,0,"[$10K, $30K)",65
No PI,0,"[$10K, $30K)",59
No PI,1,"[$10K, $30K)",69
No PI,0,"[$10K, $30K)",60
No PI,1,"[$10K, $30K)",66
No PI,1,"[$10K, $30K)",65
No PI,1,"[$10K, $30K)",70
No PI,1,"[$10K, $30K)",67
No PI,0,"[$10K, $30K)",68
No PI,1,"[$10K, $30K)",69
No PI,1,"[$10K, $30K)",65
No PI,1,"[$10K, $30K)",68
No PI,1,"[$10K, $30K)",67
No PI,0,"[$10K, $30K)",64
No PI,1,"[$10K, $30K)",65
No PI,0,"[$10K, $30K)",61
No PI,0,"[$10K, $30K)",65
No PI,0,"[$10K, $30K)",58
No PI,0,"[$10K, $30K)",66
No PI,1,"[$10K, $30K)",59
No PI,0,"[$10K, $30K)",69
No PI,1,"[$10K, $30K)",72
No PI,1,"[$10K, $30K)",65
No PI,0,"[$10K, $30K)",64
No PI,0,"[$10K, $30K)",63
No PI,1,"[$10K, $30K)",66
No PI,0,"[$10K, $30K)",65
No PI,1,"[$10K, $30K)",68
PI,1,"[$10K, $30K)",68
No PI,1,"[$10K, $30K)",60
No PI,1,"[$10K, $30K)",72
No PI,0,"[$10K, $30K)",68
No PI,0,"[$10K, $30K)",64
No PI,0,"[$10K, $30K)",62
No PI,1,"[$10K, $30K)",65
PI,1,"[$10K, $30K)",67
No PI,1,"[$10K, $30K)",67
No PI,0,"[$10K, $30K)",68
No PI,1,"[$10K, $30K)",68
No PI,0,"[$10K, $30K)",63
No PI,0,"[$10K, $30K)",64
PI,0,"[$10K, $30K)",69
No PI,1,"[$10K, $30K)",63
No PI,0,"[$10K, $30K)",70
PI,1,"[$10K, $30K)",69
No PI,0,"[$10K, $30K)",59
No PI,1,"[$10K, $30K)",80
No PI,0,"[$10K, $30K)",61
No PI,1,"[$10K, $30K)",67
No PI,0,"[$10K, $30K)",66
No PI,1,"[$10K, $30K)",68
No PI,0,"[$10K, $30K)",63
No PI,1,"[$10K, $30K)",69
No PI,1,"[$10K, $30K)",65
PI,1,"[$10K, $30K)",71
No PI,1,"[$10K, $30K)",69
No PI,0,"[$10K, $30K)",70
No PI,1,"[$10K, $30K)",65
No PI,1,"[$10K, $30K)",65
No PI,0,"[$10K, $30K)",66
No PI,1,"[$10K, $30K)",73
No PI,1,"[$10K, $30K)",65
No PI,1,"[$10K, $30K)",69
No PI,1,"[$10K, $30K)",59
No PI,0,"[$10K, $30K)",66
No PI,1,"[$10K, $30K)",65
No PI,0,"[$10K, $30K)",66
No PI,0,"[$10K, $30K)",66
No PI,0,"[$10K, $30K)",60
No PI,0,"[$10K, $30K)",67
No PI,1,"[$10K, $30K)",70
PI,1,"[$10K, $30K)",67
PI,0,"[$10K, $30K)",65
PI,1,"[$10K, $30K)",65
No PI,0,"[$10K, $30K)",68
No PI,1,"[$10K, $30K)",78
No PI,1,"[$10K, $30K)",68
No PI,0,"[$10K, $30K)",65
No PI,0,"[$10K, $30K)",60
PI,0,"[$10K, $30K)",64
No PI,1,"[$10K, $30K)",68
No PI,0,"[$10K, $30K)",69
No PI,1,"[$10K, $30K)",67
No PI,0,"[$10K, $30K)",65
No PI,1,"[$10K, $30K)",66
No PI,1,"[$10K, $30K)",67
No PI,0,"[$10K, $30K)",64
No PI,0,"[$10K, $30K)",69
No PI,0,"[$10K, $30K)",63
No PI,0,"[$10K, $30K)",61
PI,0,"[$10K, $30K)",62
PI,1,"[$10K, $30K)",66
No PI,1,"[$10K, $30K)",68
No PI,0,"[$10K, $30K)",68
No PI,1,"[$10K, $30K)",64
No PI,0,"[$10K, $30K)",69
No PI,0,"[$10K, $30K)",72
No PI,1,"[$10K, $30K)",68
No PI,1,"[$10K, $30K)",62
PI,0,"[$10K, $30K)",64
PI,1,"[$10K, $30K)",76
No PI,1,"[$10K, $30K)",78
No PI,1,"[$10K, $30K)",66
No PI,0,"[$10K, $30K)",67
No PI,1,"[$10K, $30K)",65
PI,1,"[$10K, $30K)",68
No PI,1,"[$10K, $30K)",66
No PI,0,"[$10K, $30K)",59
No PI,1,"[$10K, $30K)",68
No PI,1,"[$10K, $30K)",65
PI,0,"[$10K, $30K)",65
PI,1,"[$10K, $30K)",67
No PI,0,"[$10K, $30K)",63
No PI,1,"[$10K, $30K)",71
No PI,0,"[$10K, $30K)",65
PI,1,"[$10K, $30K)",65
No PI,1,"[$10K, $30K)",57
No PI,0,"[$10K, $30K)",67
No PI,1,"[$10K, $30K)",61
PI,1,"[$10K, $30K)",67
PI,1,"[$10K, $30K)",68
No PI,0,"[$10K, $30K)",59
No PI,1,"[$10K, $30K)",63
No PI,0,"[$10K, $30K)",66
No PI,0,"[$10K, $30K)",71
No PI,0,"[$10K, $30K)",59
No PI,1,"[$10K, $30K)",69
PI,1,"[$10K, $30K)",65
No PI,0,"[$10K, $30K)",70
No PI,0,"[$10K, $30K)",67
No PI,0,"[$10K, $30K)",64
No PI,0,"[$10K, $30K)",69
PI,1,"[$10K, $30K)",68
No PI,1,"[$10K, $30K)",66
No PI,0,"[$10K, $30K)",64
No PI,1,"[$10K, $30K)",67
No PI,1,"[$10K, $30K)",67
No PI,0,"[$10K, $30K)",68
No PI,0,"[$10K, $30K)",77
No PI,1,"[$10K, $30K)",68
No PI,1,"[$10K, $30K)",64
No PI,1,"[$10K, $30K)",75
No PI,0,"[$10K, $30K)",60
No PI,1,"[$10K, $30K)",79
No PI,1,"[$10K, $30K)",68
No PI,1,"[$10K, $30K)",68
PI,0,"[$10K, $30K)",58
No PI,1,"[$10K, $30K)",62
No PI,0,"[$10K, $30K)",65
No PI,1,"[$10K, $30K)",64
No PI,1,"[$10K, $30K)",68
PI,1,"[$10K, $30K)",72
PI,1,"[$10K, $30K)",68
PI,1,"[$10K, $30K)",65
PI,0,"[$10K, $30K)",65
PI,1,"[$10K, $30K)",65
No PI,0,"[$10K, $30K)",65
No PI,0,"[$10K, $30K)",59
No PI,0,"[$10K, $30K)",67
No PI,1,"[$10K, $30K)",68
No PI,1,"[$10K, $30K)",78
No PI,0,"[$10K, $30K)",67
No PI,0,"[$10K, $30K)",65
No PI,0,"[$10K, $30K)",68
No PI,0,"[$10K, $30K)",71
PI,0,"[$10K, $30K)",67
No PI,1,"[$10K, $30K)",65
PI,0,"[$10K, $30K)",64
No PI,1,"[$10K, $30K)",67
No PI,1,"[$10K, $30K)",72
PI,0,"[$10K, $30K)",71
No PI,1,"[$10K, $30K)",67
No PI,0,"[$10K, $30K)",66
No PI,0,"[$10K, $30K)",66
No PI,1,"[$10K, $30K)",68
No PI,1,"[$10K, $30K)",67
No PI,1,"[$10K, $30K)",69
No PI,1,"[$10K, $30K)",70
No PI,0,"[$10K, $30K)",69
No PI,1,"[$10K, $30K)",69
No PI,1,"[$10K, $30K)",68
No PI,1,"[$10K, $30K)",73
No PI,0,"[$10K, $30K)",65
No PI,0,"[$10K, $30K)",73
No PI,0,"[$10K, $30K)",65
No PI,1,"[$10K, $30K)",68
No PI,1,"[$10K, $30K)",65
No PI,1,"[$10K, $30K)",67
No PI,1,"[$10K, $30K)",66
No PI,1,"[$10K, $30K)",68
No PI,1,"[$10K, $30K)",66
No PI,1,"[$10K, $30K)",66
No PI,1,"[$10K, $30K)",74
No PI,1,"[$10K, $30K)",68
No PI,0,"[$10K, $30K)",53
No PI,1,"[$10K, $30K)",69
No PI,1,"[$10K, $30K)",66
No PI,1,"[$10K, $30K)",65
No PI,1,"[$10K, $30K)",63
No PI,0,"[$10K, $30K)",64
No PI,0,"[$10K, $30K)",64
No PI,0,"[$10K, $30K)",52
No PI,1,"[$10K, $30K)",66
No PI,1,"[$10K, $30K)",78
No PI,0,"[$10K, $30K)",74
PI,1,"[$10K, $30K)",66
No PI,1,"[$10K, $30K)",71
No PI,1,"[$10K, $30K)",67
PI,0,"[$10K, $30K)",67
No PI,0,"[$10K, $30K)",68
No PI,1,"[$10K, $30K)",67
No PI,1,"[$10K, $30K)",69
PI,0,"[$10K, $30K)",58
No PI,1,"[$10K, $30K)",66
PI,1,"[$10K, $30K)",62
No PI,0,"[$10K, $30K)",60
PI,1,"[$10K, $30K)",65
No PI,0,"[$10K, $30K)",67
PI,1,"[$10K, $30K)",69
PI,1,"[$10K, $30K)",69
No PI,0,"[$10K, $30K)",60
PI,1,"[$10K, $30K)",66
No PI,0,"[$10K, $30K)",60
PI,0,"[$10K, $30K)",68
No PI,1,"[$10K, $30K)",72
No PI,0,"[$10K, $30K)",66
No PI,1,"[$10K, $30K)",65
No PI,0,"[$10K, $30K)",54
No PI,0,"[$10K, $30K)",63
No PI,1,"[$10K, $30K)",65
No PI,1,"[$10K, $30K)",64
PI,1,"[$10K, $30K)",64
No PI,1,"[$10K, $30K)",66
No PI,0,"[$10K, $30K)",66
No PI,1,"[$10K, $30K)",70
No PI,0,"[$10K, $30K)",67
PI,1,"[$10K, $30K)",61
PI,1,"[$10K, $30K)",67
No PI,0,"[$10K, $30K)",66
No PI,1,"[$10K, $30K)",65
No PI,1,"[$10K, $30K)",67
No PI,1,"[$10K, $30K)",65
No PI,1,"[$10K, $30K)",65
No PI,1,"[$10K, $30K)",67
PI,0,"[$10K, $30K)",68
PI,1,"[$10K, $30K)",63
No PI,1,"[$10K, $30K)",68
No PI,1,"[$10K, $30K)",66
No PI,0,"[$10K, $30K)",68
No PI,0,"[$10K, $30K)",66
No PI,1,"[$10K, $30K)",65
No PI,0,"[$10K, $30K)",65
PI,0,"[$10K, $30K)",61
PI,1,"[$10K, $30K)",65
PI,1,"[$10K, $30K)",67
No PI,0,"[$10K, $30K)",71
No PI,0,"[$10K, $30K)",69
No PI,1,"[$10K, $30K)",70
No PI,1,"[$10K, $30K)",68
No PI,1,"[$10K, $30K)",70
No PI,1,"[$10K, $30K)",68
PI,1,"[$10K, $30K)",69
PI,0,"[$10K, $30K)",66
PI,0,"[$10K, $30K)",66
No PI,0,"[$10K, $30K)",68
No PI,1,"[$10K, $30K)",67
No PI,1,"[$10K, $30K)",67
No PI,1,"[$10K, $30K)",65
No PI,1,"[$10K, $30K)",69
No PI,0,"[$10K, $30K)",64
PI,1,"[$10K, $30K)",65
No PI,0,"[$10K, $30K)",65
No PI,1,"[$10K, $30K)",68
No PI,1,"[$10K, $30K)",65
No PI,0,"[$10K, $30K)",69
PI,0,"[$10K, $30K)",68
PI,1,"[$10K, $30K)",79
No PI,0,"[$10K, $30K)",65
No PI,1,"[$10K, $30K)",64
No PI,0,"[$10K, $30K)",65
No PI,0,"[$10K, $30K)",69
PI,1,"[$10K, $30K)",66
PI,1,"[$10K, $30K)",68
No PI,1,"[$10K, $30K)",68
No PI,1,"[$10K, $30K)",65
No PI,1,"[$10K, $30K)",69
No PI,1,"[$10K, $30K)",77
No PI,1,"[$10K, $30K)",68
No PI,0,"[$10K, $30K)",58
No PI,0,"[$10K, $30K)",65
No PI,1,"[$10K, $30K)",67
No PI,1,"[$10K, $30K)",66
No PI,1,"[$10K, $30K)",70
No PI,0,"[$10K, $30K)",64
No PI,0,"[$10K, $30K)",65
No PI,0,"[$10K, $30K)",55
No PI,1,"[$10K, $30K)",66
No PI,0,"[$10K, $30K)",65
No PI,0,"[$10K, $30K)",63
No PI,1,"[$10K, $30K)",67
No PI,1,"[$10K, $30K)",65
No PI,0,"[$10K, $30K)",62
No PI,1,"[$10K, $30K)",66
No PI,1,"[$10K, $30K)",75
No PI,1,"[$10K, $30K)",69
No PI,0,"[$10K, $30K)",68
No PI,1,"[$10K, $30K)",76
No PI,0,"[$10K, $30K)",69
PI,1,"[$10K, $30K)",66
No PI,1,"[$10K, $30K)",65
PI,1,"[$10K, $30K)",69
No PI,1,"[$10K, $30K)",72
No PI,0,"[$10K, $30K)",71
No PI,0,"[$10K, $30K)",64
No PI,1,"[$10K, $30K)",65
PI,1,"[$10K, $30K)",71
No PI,1,"[$10K, $30K)",66
No PI,0,"[$10K, $30K)",68
PI,1,"[$10K, $30K)",71
PI,0,"[$10K, $30K)",67
No PI,1,"[$10K, $30K)",68
No PI,1,"[$10K, $30K)",68
No PI,0,"[$10K, $30K)",66
No PI,1,"[$10K, $30K)",65
No PI,1,"[$10K, $30K)",71
PI,1,"[$10K, $30K)",67
No PI,1,"[$10K, $30K)",68
No PI,1,"[$10K, $30K)",68
No PI,0,"[$10K, $30K)",59
No PI,0,"[$10K, $30K)",58
PI,0,"[$10K, $30K)",67
No PI,1,"[$10K, $30K)",59
PI,1,"[$10K, $30K)",65
PI,0,"[$10K, $30K)",66
No PI,0,"[$10K, $30K)",59
PI,0,"[$10K, $30K)",65
PI,1,"[$10K, $30K)",73
PI,0,"[$10K, $30K)",61
PI,1,"[$10K, $30K)",68
No PI,1,"[$10K, $30K)",67
No PI,1,"[$10K, $30K)",69
No PI,1,"[$10K, $30K)",68
No PI,0,"[$10K, $30K)",65
No PI,1,"[$10K, $30K)",69
PI,0,"[$10K, $30K)",58
No PI,1,"[$10K, $30K)",73
No PI,0,"[$10K, $30K)",60
PI,0,"[$10K, $30K)",65
No PI,0,"[$10K, $30K)",61
No PI,0,"[$10K, $30K)",65
PI,1,"[$10K, $30K)",67
No PI,1,"[$10K, $30K)",67
No PI,1,"[$10K, $30K)",68
No PI,0,"[$10K, $30K)",62
No PI,0,"[$10K, $30K)",62
No PI,1,"[$10K, $30K)",70
No PI,0,"[$10K, $30K)",62
No PI,1,"[$10K, $30K)",72
No PI,0,"[$10K, $30K)",65
No PI,1,"[$10K, $30K)",69
No PI,1,"[$10K, $30K)",66
No PI,1,"[$10K, $30K)",68
No PI,0,"[$10K, $30K)",58
No PI,1,"[$10K, $30K)",66
No PI,1,"[$10K, $30K)",74
PI,1,"[$10K, $30K)",75
PI,1,"[$10K, $30K)",68
No PI,0,"[$10K, $30K)",66
PI,1,"[$10K, $30K)",67
PI,1,"[$10K, $30K)",65
PI,1,"[$10K, $30K)",67
PI,0,"[$10K, $30K)",65
No PI,1,"[$10K, $30K)",68
No PI,0,"[$10K, $30K)",68
No PI,1,"[$10K, $30K)",68
No PI,0,"[$10K, $30K)",67
No PI,1,"[$10K, $30K)",71
No PI,1,"[$10K, $30K)",58
No PI,0,"[$10K, $30K)",59
PI,1,"[$10K, $30K)",70
No PI,1,"[$10K, $30K)",68
No PI,0,"[$10K, $30K)",66
No PI,1,"[$10K, $30K)",67
No PI,0,"[$10K, $30K)",65
No PI,0,"[$10K, $30K)",59
No PI,0,"[$10K, $30K)",65
No PI,1,"[$10K, $30K)",69
No PI,1,"[$10K, $30K)",76
No PI,0,"[$10K, $30K)",72
No PI,0,"[$10K, $30K)",60
PI,1,"[$10K, $30K)",66
PI,1,"[$10K, $30K)",67
No PI,1,"[$10K, $30K)",67
No PI,0,"[$10K, $30K)",60
PI,1,"[$10K, $30K)",66
No PI,1,"[$10K, $30K)",65
No PI,1,"[$10K, $30K)",71
No PI,1,"[$10K, $30K)",66
PI,0,"[$10K, $30K)",62
No PI,1,"[$10K, $30K)",70
No PI,0,"[$10K, $30K)",65
No PI,1,"[$10K, $30K)",70
No PI,1,"[$10K, $30K)",70
No PI,1,"[$10K, $30K)",69
No PI,1,"[$10K, $30K)",63
No PI,0,"[$10K, $30K)",65
PI,0,"[$10K, $30K)",68
PI,1,"[$10K, $30K)",72
No PI,0,"[$10K, $30K)",66
No PI,1,"[$10K, $30K)",69
No PI,0,"[$10K, $30K)",69
No PI,0,"[$10K, $30K)",59
No PI,1,"[$10K, $30K)",67
No PI,0,"[$10K, $30K)",67
No PI,1,"[$10K, $30K)",74
No PI,0,"[$10K, $30K)",66
No PI,0,"[$10K, $30K)",62
No PI,0,"[$10K, $30K)",68
PI,1,"[$10K, $30K)",65
PI,1,"[$10K, $30K)",65
No PI,1,"[$10K, $30K)",67
No PI,1,"[$10K, $30K)",67
PI,1,"[$10K, $30K)",66
PI,0,"[$10K, $30K)",65
PI,1,"[$10K, $30K)",71
No PI,0,"[$10K, $30K)",66
No PI,1,"[$10K, $30K)",65
No PI,0,"[$10K, $30K)",69
No PI,1,"[$10K, $30K)",70
No PI,0,"[$10K, $30K)",67
No PI,0,"[$10K, $30K)",63
PI,1,"[$10K, $30K)",67
PI,1,"[$10K, $30K)",67
No PI,1,"[$10K, $30K)",65
No PI,1,"[$10K, $30K)",62
No PI,1,"[$10K, $30K)",70
PI,1,"[$10K, $30K)",67
No PI,1,"[$10K, $30K)",74
No PI,0,"[$10K, $30K)",66
PI,1,"[$10K, $30K)",68
PI,1,"[$10K, $30K)",65
No PI,0,"[$10K, $30K)",58
PI,1,"[$10K, $30K)",69
PI,1,"[$10K, $30K)",69
No PI,0,"[$10K, $30K)",60
No PI,0,"[$10K, $30K)",65
No PI,1,"[$10K, $30K)",60
No PI,1,"[$10K, $30K)",76
No PI,0,"[$10K, $30K)",65
PI,1,"[$10K, $30K)",66
No PI,0,"[$10K, $30K)",57
No PI,0,"[$10K, $30K)",66
PI,0,"[$10K, $30K)",60
PI,1,"[$10K, $30K)",66
PI,1,"[$10K, $30K)",68
No PI,1,"[$10K, $30K)",72
No PI,1,"[$10K, $30K)",71
No PI,1,"[$10K, $30K)",65
No PI,0,"[$10K, $30K)",65
No PI,1,"[$10K, $30K)",67
No PI,1,"[$10K, $30K)",68
No PI,0,"[$10K, $30K)",69
No PI,1,"[$10K, $30K)",73
No PI,1,"[$10K, $30K)",67
PI,1,"[$10K, $30K)",68
No PI,1,"[$10K, $30K)",71
No PI,1,"[$10K, $30K)",67
No PI,1,"[$10K, $30K)",70
No PI,0,"[$10K, $30K)",59
PI,1,"[$10K, $30K)",71
No PI,1,"[$10K, $30K)",65
No PI,0,"[$10K, $30K)",65
No PI,1,"[$10K, $30K)",67
No PI,1,"[$10K, $30K)",66
No PI,0,"[$10K, $30K)",60
No PI,1,"[$10K, $30K)",65
PI,0,"[$10K, $30K)",65
PI,0,"[$10K, $30K)",59
No PI,0,"[$10K, $30K)",59
No PI,1,"[$10K, $30K)",66
No PI,0,"[$10K, $30K)",66
No PI,1,"[$10K, $30K)",68
No PI,1,"[$10K, $30K)",72
PI,1,"[$10K, $30K)",67
No PI,1,"[$10K, $30K)",68
No PI,1,"[$10K, $30K)",72
No PI,1,"[$10K, $30K)",67
No PI,1,"[$10K, $30K)",65
No PI,0,"[$10K, $30K)",65
PI,0,"[$10K, $30K)",66
PI,1,"[$10K, $30K)",72
PI,1,"[$10K, $30K)",68
No PI,0,"[$10K, $30K)",56
No PI,1,"[$10K, $30K)",69
PI,1,"[$10K, $30K)",68
No PI,1,"[$10K, $30K)",68
No PI,1,"[$10K, $30K)",66
PI,1,"[$10K, $30K)",76
PI,0,"[$10K, $30K)",68
No PI,1,"[$10K, $30K)",68
PI,0,"[$10K, $30K)",71
No PI,0,"[$10K, $30K)",65
No PI,1,"[$10K, $30K)",66
No PI,1,"[$10K, $30K)",81
No PI,1,"[$10K, $30K)",69
No PI,1,"[$10K, $30K)",67
No PI,0,"[$10K, $30K)",68
PI,1,"[$10K, $30K)",68
No PI,1,"[$10K, $30K)",68
No PI,0,"[$10K, $30K)",68
No PI,1,"[$10K, $30K)",71
PI,1,"[$10K, $30K)",73
PI,0,"[$10K, $30K)",58
No PI,0,"[$10K, $30K)",66
No PI,1,"[$10K, $30K)",80
PI,1,"[$10K, $30K)",67
No PI,0,"[$10K, $30K)",65
No PI,1,"[$10K, $30K)",68
No PI,1,"[$10K, $30K)",67
No PI,1,"[$10K, $30K)",68
No PI,1,"[$10K, $30K)",65
PI,1,"[$10K, $30K)",68
No PI,1,"[$10K, $30K)",66
No PI,0,"[$10K, $30K)",58
No PI,1,"[$10K, $30K)",67
No PI,1,"[$10K, $30K)",63
No PI,1,"[$10K, $30K)",67
No PI,1,"[$10K, $30K)",66
No PI,0,"[$10K, $30K)",65
No PI,1,"[$10K, $30K)",67
No PI,1,"[$10K, $30K)",68
No PI,1,"[$10K, $30K)",67
No PI,1,"[$10K, $30K)",76
No PI,1,"[$10K, $30K)",70
PI,1,"[$10K, $30K)",66
No PI,1,"[$10K, $30K)",66
No PI,0,"[$10K, $30K)",52
PI,0,"[$10K, $30K)",65
PI,1,"[$10K, $30K)",69
No PI,1,"[$10K, $30K)",72
No PI,1,"[$10K, $30K)",67
No PI,0,"[$10K, $30K)",66
No PI,0,"[$10K, $30K)",52
No PI,1,"[$10K, $30K)",68
No PI,1,"[$10K, $30K)",66
No PI,1,"[$10K, $30K)",82
No PI,0,"[$10K, $30K)",69
No PI,1,"[$10K, $30K)",69
No PI,1,"[$10K, $30K)",67
No PI,0,"[$10K, $30K)",61
No PI,1,"[$10K, $30K)",64
No PI,0,"[$10K, $30K)",66
No PI,1,"[$10K, $30K)",65
No PI,1,"[$10K, $30K)",65
No PI,1,"[$10K, $30K)",68
No PI,1,"[$10K, $30K)",70
No PI,0,"[$10K, $30K)",72
No PI,1,"[$10K, $30K)",68
No PI,0,"[$10K, $30K)",60
No PI,0,"[$10K, $30K)",66
No PI,1,"[$10K, $30K)",67
PI,1,"[$10K, $30K)",67
No PI,1,"[$10K, $30K)",69
No PI,0,"[$10K, $30K)",66
PI,0,"[$10K, $30K)",69
No PI,1,"[$10K, $30K)",66
No PI,1,"[$10K, $30K)",65
PI,1,"[$10K, $30K)",66
PI,0,"[$10K, $30K)",72
PI,1,"[$10K, $30K)",67
No PI,1,"[$10K, $30K)",68
No PI,1,"[$10K, $30K)",72
PI,1,"[$10K, $30K)",71
No PI,0,"[$10K, $30K)",66
No PI,0,"[$10K, $30K)",69
PI,1,"[$10K, $30K)",75
PI,0,"[$10K, $30K)",69
PI,0,"[$10K, $30K)",65
PI,1,"[$10K, $30K)",67
No PI,1,"[$10K, $30K)",66
No PI,1,"[$10K, $30K)",66
No PI,1,"[$10K, $30K)",73
No PI,0,"[$10K, $30K)",69
No PI,0,"[$10K, $30K)",70
No PI,1,"[$10K, $30K)",67
PI,1,"[$10K, $30K)",63
PI,0,"[$10K, $30K)",65
PI,1,"[$10K, $30K)",73
PI,1,"[$10K, $30K)",66
No PI,0,"[$10K, $30K)",60
PI,1,"[$10K, $30K)",68
PI,0,"[$10K, $30K)",58
PI,1,"[$10K, $30K)",65
PI,0,"[$10K, $30K)",59
No PI,0,"[$10K, $30K)",65
No PI,1,"[$10K, $30K)",69
PI,0,"[$10K, $30K)",58
PI,1,"[$10K, $30K)",68
No PI,1,"[$10K, $30K)",67
PI,0,"[$10K, $30K)",67
PI,1,"[$10K, $30K)",71
PI,0,"[$10K, $30K)",68
PI,1,"[$10K, $30K)",68
No PI,1,"[$10K, $30K)",70
No PI,1,"[$10K, $30K)",73
PI,1,"[$10K, $30K)",65
No PI,1,"[$10K, $30K)",65
PI,1,"[$10K, $30K)",68
PI,1,"[$10K, $30K)",68
No PI,1,"[$10K, $30K)",67
No PI,1,"[$10K, $30K)",70
PI,1,"[$10K, $30K)",69
No PI,1,"[$10K, $30K)",65
PI,1,"[$10K, $30K)",66
PI,0,"[$10K, $30K)",64
No PI,1,"[$10K, $30K)",69
No PI,1,"[$10K, $30K)",73
No PI,1,"[$10K, $30K)",67
No PI,1,"[$10K, $30K)",64
PI,0,"[$10K, $30K)",68
No PI,1,"[$10K, $30K)",66
No PI,1,"[$10K, $30K)",69
No PI,1,"[$10K, $30K)",68
No PI,0,"[$10K, $30K)",66
PI,0,"[$10K, $30K)",67
No PI,0,"[$10K, $30K)",61
No PI,0,"[$10K, $30K)",74
PI,1,"[$10K, $30K)",67
No PI,0,"[$10K, $30K)",66
No PI,0,"[$10K, $30K)",66
No PI,1,"[$10K, $30K)",67
PI,1,"[$10K, $30K)",67
PI,1,"[$10K, $30K)",65
No PI,1,"[$10K, $30K)",65
PI,1,"[$10K, $30K)",65
PI,1,"[$10K, $30K)",65
PI,1,"[$10K, $30K)",67
No PI,1,"[$10K, $30K)",66
No PI,0,"[$10K, $30K)",58
PI,1,"[$10K, $30K)",76
No PI,1,"[$10K, $30K)",86
No PI,1,"[$10K, $30K)",68
No PI,1,"[$10K, $30K)",68
PI,0,"[$10K, $30K)",66
No PI,1,"[$10K, $30K)",67
No PI,1,"[$10K, $30K)",68
PI,1,"[$10K, $30K)",68
No PI,1,"[$10K, $30K)",68
No PI,1,"[$10K, $30K)",70
PI,1,"[$10K, $30K)",68
PI,1,"[$10K, $30K)",70
PI,1,"[$10K, $30K)",66
PI,0,"[$10K, $30K)",67
No PI,0,"[$10K, $30K)",81
PI,0,"[$10K, $30K)",68
PI,0,"[$10K, $30K)",69
PI,1,"[$10K, $30K)",69
No PI,1,"[$10K, $30K)",65
PI,0,"[$10K, $30K)",66
No PI,0,"[$10K, $30K)",67
No PI,0,"[$10K, $30K)",65
No PI,0,"[$10K, $30K)",66
No PI,1,"[$10K, $30K)",70
No PI,1,"[$10K, $30K)",67
PI,1,"[$10K, $30K)",67
No PI,0,"[$10K, $30K)",64
PI,1,"[$10K, $30K)",79
PI,0,"[$10K, $30K)",68
No PI,1,"[$10K, $30K)",70
PI,0,"[$10K, $30K)",69
No PI,0,"[$10K, $30K)",66
No PI,0,"[$10K, $30K)",67
PI,0,"[$10K, $30K)",58
PI,1,"[$10K, $30K)",66
No PI,1,"[$10K, $30K)",68
PI,1,"[$10K, $30K)",68
PI,1,"[$10K, $30K)",66
No PI,0,"[$10K, $30K)",59
No PI,0,"[$10K, $30K)",66
No PI,1,"[$10K, $30K)",74
No PI,1,"[$10K, $30K)",70
No PI,1,"[$10K, $30K)",69
No PI,1,"[$10K, $30K)",65
PI,1,"[$10K, $30K)",74
PI,1,"[$10K, $30K)",65
No PI,1,"[$10K, $30K)",63
No PI,1,"[$10K, $30K)",67
No PI,1,"[$10K, $30K)",68
No PI,0,"[$10K, $30K)",67
No PI,1,"[$10K, $30K)",66
No PI,1,"[$10K, $30K)",68
No PI,0,"[$10K, $30K)",65
No PI,1,"[$10K, $30K)",68
No PI,0,"[$10K, $30K)",65
No PI,0,"[$10K, $30K)",70
No PI,0,"[$10K, $30K)",62
No PI,1,"[$10K, $30K)",68
No PI,1,"[$10K, $30K)",71
No PI,0,"[$10K, $30K)",65
No PI,1,"[$10K, $30K)",65
No PI,0,"[$10K, $30K)",67
No PI,1,"[$10K, $30K)",67
PI,1,"[$10K, $30K)",68
No PI,0,"[$10K, $30K)",67
No PI,1,"[$10K, $30K)",65
No PI,1,"[$10K, $30K)",66
No PI,0,"[$10K, $30K)",70
No PI,1,"[$10K, $30K)",66
PI,0,"[$10K, $30K)",67
PI,1,"[$10K, $30K)",61
No PI,0,"[$10K, $30K)",68
No PI,1,"[$10K, $30K)",67
No PI,0,"[$10K, $30K)",67
No PI,1,"[$10K, $30K)",73
PI,0,"[$10K, $30K)",61
PI,0,"[$10K, $30K)",67
No PI,1,"[$10K, $30K)",69
No PI,1,"[$10K, $30K)",72
No PI,0,"[$10K, $30K)",67
No PI,1,"[$10K, $30K)",79
PI,1,"[$10K, $30K)",70
No PI,1,"[$10K, $30K)",75
No PI,1,"[$10K, $30K)",66
No PI,1,"[$10K, $30K)",65
No PI,0,"[$10K, $30K)",67
No PI,0,"[$10K, $30K)",68
No PI,1,"[$10K, $30K)",75
PI,0,"[$10K, $30K)",66
PI,1,"[$10K, $30K)",61
PI,1,"[$10K, $30K)",68
No PI,1,"[$10K, $30K)",69
PI,1,"[$10K, $30K)",65
No PI,0,"[$10K, $30K)",62
PI,1,"[$10K, $30K)",66
No PI,0,"[$10K, $30K)",66
No PI,0,"[$10K, $30K)",67
PI,1,"[$10K, $30K)",67
No PI,0,"[$10K, $30K)",65
PI,0,"[$10K, $30K)",75
No PI,1,"[$10K, $30K)",68
No PI,1,"[$10K, $30K)",65
PI,1,"[$10K, $30K)",74
PI,1,"[$10K, $30K)",69
No PI,0,"[$10K, $30K)",61
No PI,0,"[$10K, $30K)",68
No PI,0,"[$10K, $30K)",72
No PI,1,"[$10K, $30K)",63
No PI,0,"[$10K, $30K)",62
PI,1,"[$10K, $30K)",69
PI,1,"[$10K, $30K)",70
PI,1,"[$10K, $30K)",69
No PI,1,"[$10K, $30K)",65
No PI,1,"[$10K, $30K)",72
No PI,1,"[$10K, $30K)",69
PI,1,"[$10K, $30K)",65
PI,1,"[$10K, $30K)",67
No PI,1,"[$10K, $30K)",69
PI,1,"[$10K, $30K)",65
PI,1,"[$10K, $30K)",67
PI,1,"[$10K, $30K)",74
No PI,0,"[$10K, $30K)",68
No PI,1,"[$10K, $30K)",67
PI,1,"[$10K, $30K)",67
No PI,1,"[$10K, $30K)",68
PI,1,"[$10K, $30K)",68
PI,1,"[$10K, $30K)",60
PI,0,"[$10K, $30K)",66
No PI,0,"[$10K, $30K)",65
PI,0,"[$10K, $30K)",68
PI,1,"[$10K, $30K)",65
No PI,1,"[$10K, $30K)",66
No PI,1,"[$10K, $30K)",69
No PI,1,"[$10K, $30K)",67
PI,0,"[$10K, $30K)",65
No PI,1,"[$10K, $30K)",65
PI,0,"[$10K, $30K)",65
No PI,1,"[$10K, $30K)",69
No PI,1,"[$10K, $30K)",72
No PI,1,"[$10K, $30K)",64
No PI,1,"[$10K, $30K)",64
PI,1,"[$10K, $30K)",67
No PI,1,"[$10K, $30K)",73
No PI,0,"[$10K, $30K)",66
No PI,1,"[$10K, $30K)",69
No PI,0,"[$10K, $30K)",68
No PI,0,"[$10K, $30K)",79
No PI,0,"[$10K, $30K)",67
PI,0,"[$10K, $30K)",66
PI,0,"[$10K, $30K)",67
PI,0,"[$10K, $30K)",67
No PI,1,"[$10K, $30K)",66
No PI,0,"[$10K, $30K)",67
No PI,0,"[$10K, $30K)",69
No PI,0,"[$10K, $30K)",64
No PI,1,"[$10K, $30K)",68
No PI,1,"[$10K, $30K)",65
No PI,1,"[$10K, $30K)",68
No PI,1,"[$10K, $30K)",66
No PI,1,"[$10K, $30K)",77
No PI,1,"[$10K, $30K)",67
No PI,1,"[$10K, $30K)",66
No PI,0,"[$10K, $30K)",65
No PI,0,"[$10K, $30K)",64
No PI,1,"[$10K, $30K)",67
No PI,1,"[$10K, $30K)",72
No PI,1,"[$10K, $30K)",67
No PI,1,"[$10K, $30K)",68
No PI,1,"[$10K, $30K)",69
PI,1,"[$10K, $30K)",68
No PI,0,"[$10K, $30K)",73
No PI,0,"[$10K, $30K)",66
PI,0,"[$10K, $30K)",65
PI,0,"[$10K, $30K)",67
No PI,1,"[$10K, $30K)",66
No PI,1,"[$10K, $30K)",68
PI,1,"[$10K, $30K)",69
PI,1,"[$10K, $30K)",71
No PI,1,"[$10K, $30K)",67
No PI,1,"[$10K, $30K)",70
PI,1,"[$10K, $30K)",69
No PI,1,"[$10K, $30K)",69
No PI,0,"[$10K, $30K)",68
PI,1,"[$10K, $30K)",68
PI,1,"[$10K, $30K)",68
PI,1,"[$10K, $30K)",68
PI,0,"[$10K, $30K)",65
No PI,0,"[$10K, $30K)",65
No PI,1,"[$10K, $30K)",60
PI,1,"[$10K, $30K)",71
PI,0,"[$10K, $30K)",66
No PI,0,"[$10K, $30K)",60
No PI,1,"[$10K, $30K)",71
No PI,0,"[$10K, $30K)",66
PI,1,"[$10K, $30K)",69
PI,0,"[$10K, $30K)",65
No PI,0,"[$10K, $30K)",53
PI,1,"[$10K, $30K)",68
PI,0,"[$10K, $30K)",66
No PI,1,"[$10K, $30K)",75
PI,1,"[$10K, $30K)",73
PI,1,"[$10K, $30K)",65
No PI,1,"[$10K, $30K)",67
No PI,1,"[$10K, $30K)",68
No PI,1,"[$10K, $30K)",65
No PI,1,"[$10K, $30K)",69
No PI,1,"[$10K, $30K)",72
No PI,1,"[$10K, $30K)",67
No PI,1,"[$10K, $30K)",74
PI,1,"[$10K, $30K)",68
PI,1,"[$10K, $30K)",69
PI,1,"[$10K, $30K)",68
No PI,1,"[$10K, $30K)",68
No PI,1,"[$10K, $30K)",71
No PI,1,"[$10K, $30K)",68
No PI,0,"[$10K, $30K)",59
PI,1,"[$10K, $30K)",65
No PI,1,"[$10K, $30K)",67
No PI,1,"[$10K, $30K)",66
No PI,1,"[$10K, $30K)",66
No PI,1,"[$10K, $30K)",72
No PI,1,"[$10K, $30K)",70
No PI,0,"[$10K, $30K)",66
PI,1,"[$10K, $30K)",65
PI,1,"[$10K, $30K)",68
No PI,1,"[$10K, $30K)",65
PI,0,"[$10K, $30K)",65
No PI,0,"[$10K, $30K)",68
No PI,1,"[$10K, $30K)",70
No PI,0,"[$10K, $30K)",66
PI,1,"[$10K, $30K)",67
No PI,1,"[$10K, $30K)",64
PI,1,"[$10K, $30K)",70
PI,1,"[$10K, $30K)",68
No PI,1,"[$10K, $30K)",67
No PI,0,"[$10K, $30K)",65
No PI,1,"[$10K, $30K)",66
No PI,1,"[$10K, $30K)",74
PI,1,"[$10K, $30K)",68
PI,1,"[$10K, $30K)",63
No PI,0,"[$10K, $30K)",67
No PI,1,"[$10K, $30K)",71
No PI,0,"[$10K, $30K)",68
PI,1,"[$10K, $30K)",72
No PI,0,"[$10K, $30K)",65
No PI,1,"[$10K, $30K)",69
No PI,1,"[$10K, $30K)",69
PI,0,"[$10K, $30K)",65
PI,0,"[$10K, $30K)",67
No PI,1,"[$10K, $30K)",65
No PI,1,"[$10K, $30K)",65
No PI,1,"[$10K, $30K)",69
No PI,1,"[$10K, $30K)",68
No PI,1,"[$10K, $30K)",65
PI,0,"[$10K, $30K)",67
PI,1,"[$10K, $30K)",73
PI,1,"[$10K, $30K)",67
PI,0,"[$10K, $30K)",67
PI,0,"[$10K, $30K)",63
PI,1,"[$10K, $30K)",67
PI,1,"[$10K, $30K)",69
PI,1,"[$10K, $30K)",65
No PI,0,"[$10K, $30K)",66
No PI,1,"[$10K, $30K)",75
No PI,1,"[$10K, $30K)",65
PI,1,"[$10K, $30K)",65
No PI,1,"[$10K, $30K)",67
PI,0,"[$10K, $30K)",66
PI,1,"[$10K, $30K)",70
No PI,1,"[$10K, $30K)",69
No PI,1,"[$10K, $30K)",69
PI,0,"[$10K, $30K)",67
No PI,0,"[$10K, $30K)",59
No PI,0,"[$10K, $30K)",60
No PI,1,"[$10K, $30K)",65
PI,1,"[$10K, $30K)",65
PI,0,"[$10K, $30K)",66
PI,1,"[$10K, $30K)",71
PI,0,"[$10K, $30K)",71
No PI,0,"[$10K, $30K)",70
PI,1,"[$10K, $30K)",72
PI,1,"[$10K, $30K)",67
PI,1,"[$10K, $30K)",78
No PI,1,"[$10K, $30K)",66
No PI,0,"[$10K, $30K)",65
No PI,0,"[$10K, $30K)",61
PI,0,"[$10K, $30K)",66
PI,1,"[$10K, $30K)",67
No PI,1,"[$10K, $30K)",70
No PI,0,"[$10K, $30K)",69
No PI,0,"[$10K, $30K)",64
PI,0,"[$10K, $30K)",69
PI,0,"[$10K, $30K)",66
No PI,1,"[$10K, $30K)",65
No PI,1,"[$10K, $30K)",66
No PI,1,"[$10K, $30K)",72
PI,1,"[$10K, $30K)",66
PI,1,"[$10K, $30K)",69
PI,0,"[$10K, $30K)",68
No PI,1,"[$10K, $30K)",68
No PI,1,"[$10K, $30K)",69
PI,1,"[$10K, $30K)",67
PI,0,"[$10K, $30K)",65
PI,1,"[$10K, $30K)",69
No PI,1,"[$10K, $30K)",76
No PI,1,"[$10K, $30K)",65
No PI,0,"[$10K, $30K)",67
No PI,1,"[$10K, $30K)",65
PI,1,"[$10K, $30K)",67
PI,1,"[$10K, $30K)",68
PI,0,"[$10K, $30K)",62
No PI,0,"[$10K, $30K)",59
No PI,0,"[$10K, $30K)",67
PI,0,"[$10K, $30K)",59
PI,1,"[$10K, $30K)",65
No PI,0,"[$10K, $30K)",70
PI,0,"[$10K, $30K)",65
No PI,1,"[$10K, $30K)",69
No PI,1,"[$10K, $30K)",68
No PI,1,"[$10K, $30K)",74
No PI,0,"[$10K, $30K)",65
No PI,1,"[$10K, $30K)",71
No PI,1,"[$10K, $30K)",65
PI,1,"[$10K, $30K)",70
No PI,1,"[$10K, $30K)",60
No PI,0,"[$10K, $30K)",65
No PI,1,"[$10K, $30K)",70
No PI,1,"[$10K, $30K)",66
No PI,0,"[$10K, $30K)",66
PI,1,"[$10K, $30K)",68
No PI,1,"[$10K, $30K)",73
PI,1,"[$10K, $30K)",71
No PI,0,"[$10K, $30K)",66
No PI,1,"[$10K, $30K)",69
PI,0,"[$10K, $30K)",65
No PI,1,"[$10K, $30K)",72
No PI,1,"[$10K, $30K)",68
PI,1,"[$10K, $30K)",69
PI,0,"[$10K, $30K)",65
No PI,0,"[$10K, $30K)",60
No PI,0,"[$10K, $30K)",67
No PI,1,"[$10K, $30K)",71
No PI,1,"[$10K, $30K)",70
PI,1,"[$10K, $30K)",66
PI,0,"[$10K, $30K)",60
PI,0,"[$10K, $30K)",60
No PI,1,"[$10K, $30K)",63
No PI,1,"[$10K, $30K)",68
No PI,0,"[$10K, $30K)",66
No PI,1,"[$10K, $30K)",74
PI,1,"[$10K, $30K)",67
No PI,0,"[$10K, $30K)",68
No PI,0,"[$10K, $30K)",72
No PI,1,"[$10K, $30K)",66
PI,1,"[$10K, $30K)",76
PI,1,"[$10K, $30K)",67
PI,1,"[$10K, $30K)",63
No PI,0,"[$10K, $30K)",67
No PI,1,"[$10K, $30K)",66
PI,1,"[$10K, $30K)",70
No PI,1,"[$10K, $30K)",65
No PI,0,"[$10K, $30K)",75
No PI,1,"[$10K, $30K)",69
PI,1,"[$10K, $30K)",81
PI,0,"[$10K, $30K)",65
PI,0,"[$10K, $30K)",58
PI,1,"[$10K, $30K)",65
No PI,1,"[$10K, $30K)",69
No PI,1,"[$10K, $30K)",69
No PI,1,"[$10K, $30K)",65
No PI,1,"[$10K, $30K)",62
No PI,1,"[$10K, $30K)",67
No PI,1,"[$10K, $30K)",66
PI,1,"[$10K, $30K)",66
PI,1,"[$10K, $30K)",65
PI,1,"[$10K, $30K)",66
No PI,0,"[$10K, $30K)",70
No PI,1,"[$10K, $30K)",65
No PI,0,"[$10K, $30K)",67
No PI,1,"[$10K, $30K)",69
PI,1,"[$10K, $30K)",68
PI,1,"[$10K, $30K)",74
PI,0,"[$10K, $30K)",65
PI,1,"[$10K, $30K)",65
PI,1,"[$10K, $30K)",66
PI,1,"[$10K, $30K)",67
No PI,1,"[$10K, $30K)",61
PI,1,"[$10K, $30K)",68
No PI,1,"[$10K, $30K)",70
PI,0,"[$10K, $30K)",68
PI,0,"[$10K, $30K)",68
PI,1,"[$10K, $30K)",69
PI,1,"[$10K, $30K)",67
PI,1,"[$10K, $30K)",68
PI,1,"[$10K, $30K)",66
PI,1,"[$10K, $30K)",68
No PI,0,"[$10K, $30K)",68
No PI,1,"[$10K, $30K)",67
PI,1,"[$10K, $30K)",68
No PI,1,"[$10K, $30K)",69
PI,1,"[$10K, $30K)",67
PI,1,"[$10K, $30K)",66
No PI,0,"[$10K, $30K)",63
No PI,1,"[$10K, $30K)",66
PI,0,"[$10K, $30K)",69
No PI,1,"[$10K, $30K)",80
No PI,1,"[$10K, $30K)",66
PI,1,"[$10K, $30K)",68
PI,0,"[$10K, $30K)",68
PI,1,"[$10K, $30K)",72
PI,1,"[$10K, $30K)",68
PI,1,"[$10K, $30K)",70
PI,1,"[$10K, $30K)",65
PI,1,"[$10K, $30K)",68
PI,1,"[$10K, $30K)",73
PI,1,"[$10K, $30K)",67
No PI,0,"[$10K, $30K)",56
No PI,1,"[$10K, $30K)",67
No PI,0,"[$10K, $30K)",57
PI,1,"[$10K, $30K)",66
PI,0,"[$10K, $30K)",56
PI,1,"[$10K, $30K)",71
No PI,1,"[$10K, $30K)",68
PI,1,"[$10K, $30K)",69
No PI,1,"[$10K, $30K)",68
No PI,0,"[$10K, $30K)",76
No PI,1,"[$10K, $30K)",62
PI,0,"[$10K, $30K)",68
No PI,1,"[$10K, $30K)",69
No PI,1,"[$10K, $30K)",69
No PI,0,"[$10K, $30K)",64
No PI,0,"[$10K, $30K)",69
No PI,1,"[$10K, $30K)",67
PI,1,"[$10K, $30K)",68
PI,1,"[$10K, $30K)",75
No PI,1,"[$10K, $30K)",65
No PI,0,"[$10K, $30K)",59
No PI,1,"[$10K, $30K)",67
No PI,1,"[$10K, $30K)",72
No PI,0,"[$10K, $30K)",65
No PI,1,"[$10K, $30K)",63
No PI,1,"[$10K, $30K)",74
PI,1,"[$10K, $30K)",70
No PI,1,"[$10K, $30K)",73
No PI,0,"[$10K, $30K)",71
No PI,1,"[$10K, $30K)",68
PI,1,"[$10K, $30K)",65
PI,1,"[$10K, $30K)",64
PI,1,"[$10K, $30K)",72
No PI,0,"[$10K, $30K)",65
No PI,0,"[$10K, $30K)",73
No PI,1,"[$30K, $50K)",72
No PI,1,"[$30K, $50K)",67
PI,1,"[$30K, $50K)",65
No PI,0,"[$30K, $50K)",67
No PI,1,"[$30K, $50K)",66
No PI,1,"[$30K, $50K)",68
No PI,1,"[$30K, $50K)",71
PI,1,"[$30K, $50K)",73
PI,0,"[$30K, $50K)",69
PI,1,"[$30K, $50K)",65
PI,0,"[$30K, $50K)",70
PI,1,"[$30K, $50K)",69
No PI,0,"[$30K, $50K)",65
No PI,1,"[$30K, $50K)",68
PI,0,"[$30K, $50K)",68
No PI,1,"[$30K, $50K)",65
No PI,1,"[$30K, $50K)",74
No PI,1,"[$30K, $50K)",67
PI,0,"[$30K, $50K)",59
No PI,1,"[$30K, $50K)",68
No PI,0,"[$30K, $50K)",62
PI,0,"[$30K, $50K)",66
No PI,1,"[$30K, $50K)",72
No PI,1,"[$30K, $50K)",65
PI,1,"[$30K, $50K)",66
PI,1,"[$30K, $50K)",65
No PI,0,"[$30K, $50K)",60
No PI,1,"[$30K, $50K)",75
No PI,1,"[$30K, $50K)",68
PI,1,"[$30K, $50K)",66
PI,1,"[$30K, $50K)",65
No PI,1,"[$30K, $50K)",67
No PI,1,"[$30K, $50K)",69
No PI,1,"[$30K, $50K)",67
PI,0,"[$30K, $50K)",68
No PI,1,"[$30K, $50K)",69
No PI,1,"[$30K, $50K)",67
No PI,1,"[$30K, $50K)",69
No PI,0,"[$30K, $50K)",67
No PI,1,"[$30K, $50K)",69
PI,1,"[$30K, $50K)",66
PI,1,"[$30K, $50K)",66
PI,1,"[$30K, $50K)",66
No PI,1,"[$30K, $50K)",69
No PI,1,"[$30K, $50K)",68
PI,0,"[$30K, $50K)",69
No PI,1,"[$30K, $50K)",70
No PI,1,"[$30K, $50K)",66
PI,1,"[$30K, $50K)",69
PI,1,"[$30K, $50K)",69
PI,1,"[$30K, $50K)",65
No PI,1,"[$30K, $50K)",65
No PI,0,"[$30K, $50K)",66
No PI,1,"[$30K, $50K)",65
No PI,1,"[$30K, $50K)",65
PI,1,"[$30K, $50K)",66
PI,1,"[$30K, $50K)",66
PI,1,"[$30K, $50K)",68
No PI,1,"[$30K, $50K)",71
No PI,1,"[$30K, $50K)",68
No PI,0,"[$30K, $50K)",66
PI,1,"[$30K, $50K)",72
No PI,0,"[$30K, $50K)",67
No PI,1,"[$30K, $50K)",67
No PI,1,"[$30K, $50K)",68
PI,1,"[$30K, $50K)",71
PI,1,"[$30K, $50K)",66
No PI,0,"[$30K, $50K)",67
PI,1,"[$30K, $50K)",69
PI,0,"[$30K, $50K)",68
No PI,0,"[$30K, $50K)",68
PI,1,"[$30K, $50K)",68
PI,1,"[$30K, $50K)",71
No PI,1,"[$30K, $50K)",66
PI,1,"[$30K, $50K)",70
No PI,1,"[$30K, $50K)",60
No PI,1,"[$30K, $50K)",67
No PI,1,"[$30K, $50K)",69
No PI,0,"[$30K, $50K)",66
PI,1,"[$30K, $50K)",65
PI,1,"[$30K, $50K)",60
PI,1,"[$30K, $50K)",61
No PI,1,"[$30K, $50K)",66
No PI,1,"[$30K, $50K)",66
PI,1,"[$30K, $50K)",68
PI,0,"[$30K, $50K)",65
No PI,0,"[$30K, $50K)",68
PI,1,"[$30K, $50K)",69
PI,0,"[$30K, $50K)",63
PI,1,"[$30K, $50K)",66
PI,1,"[$30K, $50K)",70
No PI,1,"[$30K, $50K)",67
PI,1,"[$30K, $50K)",69
PI,0,"[$30K, $50K)",65
No PI,0,"[$30K, $50K)",69
PI,0,"[$30K, $50K)",65
PI,1,"[$30K, $50K)",67
PI,0,"[$30K, $50K)",68
No PI,1,"[$30K, $50K)",66
PI,1,"[$30K, $50K)",67
PI,1,"[$30K, $50K)",65
No PI,0,"[$30K, $50K)",67
No PI,1,"[$30K, $50K)",71
No PI,1,"[$30K, $50K)",68
PI,1,"[$30K, $50K)",68
PI,0,"[$30K, $50K)",66
No PI,1,"[$30K, $50K)",69
No PI,1,"[$30K, $50K)",68
PI,0,"[$30K, $50K)",66
No PI,0,"[$30K, $50K)",68
No PI,1,"[$30K, $50K)",71
No PI,0,"[$30K, $50K)",63
No PI,1,"[$30K, $50K)",70
No PI,1,"[$30K, $50K)",68
PI,0,"[$30K, $50K)",65
PI,0,"[$30K, $50K)",65
PI,0,"[$30K, $50K)",68
No PI,0,"[$30K, $50K)",56
No PI,0,"[$30K, $50K)",57
PI,1,"[$30K, $50K)",67
PI,0,"[$30K, $50K)",65
PI,1,"[$30K, $50K)",70
PI,1,"[$30K, $50K)",72
No PI,1,"[$30K, $50K)",67
No PI,0,"[$30K, $50K)",69
No PI,1,"[$30K, $50K)",67
No PI,1,"[$30K, $50K)",73
No PI,0,"[$30K, $50K)",63
PI,1,"[$30K, $50K)",71
No PI,1,"[$30K, $50K)",68
PI,1,"[$30K, $50K)",68
No PI,1,"[$30K, $50K)",67
No PI,1,"[$30K, $50K)",65
No PI,1,"[$30K, $50K)",65
No PI,0,"[$30K, $50K)",72
No PI,0,"[$30K, $50K)",68
No PI,0,"[$30K, $50K)",67
PI,0,"[$30K, $50K)",66
PI,1,"[$30K, $50K)",65
PI,1,"[$30K, $50K)",66
PI,1,"[$30K, $50K)",68
No PI,1,"[$30K, $50K)",66
No PI,1,"[$30K, $50K)",66
PI,0,"[$30K, $50K)",67
No PI,1,"[$30K, $50K)",67
No PI,1,"[$30K, $50K)",77
PI,1,"[$30K, $50K)",69
PI,1,"[$30K, $50K)",69
PI,0,"[$30K, $50K)",65
PI,0,"[$30K, $50K)",67
No PI,1,"[$30K, $50K)",64
No PI,0,"[$30K, $50K)",66
PI,1,"[$30K, $50K)",66
PI,1,"[$30K, $50K)",68
No PI,0,"[$30K, $50K)",58
No PI,1,"[$30K, $50K)",65
PI,1,"[$30K, $50K)",67
No PI,1,"[$30K, $50K)",67
No PI,1,"[$30K, $50K)",68
PI,1,"[$30K, $50K)",67
No PI,1,"[$30K, $50K)",67
No PI,1,"[$30K, $50K)",67
No PI,1,"[$30K, $50K)",68
PI,1,"[$30K, $50K)",66
No PI,1,"[$30K, $50K)",72
PI,1,"[$30K, $50K)",68
No PI,1,"[$30K, $50K)",61
PI,1,"[$30K, $50K)",66
No PI,0,"[$30K, $50K)",65
No PI,0,"[$30K, $50K)",67
No PI,1,"[$30K, $50K)",69
PI,1,"[$30K, $50K)",69
PI,1,"[$30K, $50K)",68
No PI,0,"[$30K, $50K)",68
No PI,1,"[$30K, $50K)",69
No PI,0,"[$30K, $50K)",65
PI,0,"[$30K, $50K)",65
PI,1,"[$30K, $50K)",67
No PI,1,"[$30K, $50K)",77
No PI,0,"[$30K, $50K)",68
No PI,1,"[$30K, $50K)",71
No PI,0,"[$30K, $50K)",57
PI,1,"[$30K, $50K)",66
No PI,0,"[$30K, $50K)",66
PI,1,"[$30K, $50K)",73
PI,0,"[$30K, $50K)",64
No PI,0,"[$30K, $50K)",77
No PI,1,"[$30K, $50K)",66
No PI,1,"[$30K, $50K)",71
No PI,0,"[$30K, $50K)",68
No PI,0,"[$30K, $50K)",73
No PI,1,"[$30K, $50K)",66
No PI,0,"[$30K, $50K)",66
No PI,0,"[$30K, $50K)",68
No PI,1,"[$30K, $50K)",66
PI,0,"[$30K, $50K)",66
No PI,1,"[$30K, $50K)",72
No PI,1,"[$30K, $50K)",68
No PI,1,"[$30K, $50K)",68
PI,1,"[$30K, $50K)",73
PI,0,"[$30K, $50K)",68
PI,0,"[$30K, $50K)",67
PI,1,"[$30K, $50K)",69
PI,1,"[$30K, $50K)",66
PI,1,"[$30K, $50K)",65
PI,1,"[$30K, $50K)",65
PI,1,"[$30K, $50K)",66
No PI,0,"[$30K, $50K)",65
PI,1,"[$30K, $50K)",66
PI,1,"[$30K, $50K)",66
PI,0,"[$30K, $50K)",65
No PI,1,"[$30K, $50K)",65
No PI,1,"[$30K, $50K)",72
PI,1,"[$30K, $50K)",73
No PI,0,"[$30K, $50K)",61
No PI,1,"[$30K, $50K)",68
No PI,0,"[$30K, $50K)",69
No PI,0,"[$30K, $50K)",66
PI,1,"[$30K, $50K)",72
No PI,0,"[$30K, $50K)",75
PI,0,"[$30K, $50K)",72
No PI,1,"[$30K, $50K)",69
No PI,0,"[$30K, $50K)",66
No PI,1,"[$30K, $50K)",67
No PI,1,"[$30K, $50K)",69
No PI,1,"[$30K, $50K)",66
PI,0,"[$30K, $50K)",68
PI,0,"[$30K, $50K)",66
No PI,1,"[$30K, $50K)",65
No PI,1,"[$30K, $50K)",73
No PI,1,"[$30K, $50K)",66
No PI,1,"[$30K, $50K)",65
No PI,0,"[$30K, $50K)",68
PI,1,"[$30K, $50K)",68
PI,0,"[$30K, $50K)",71
PI,1,"[$30K, $50K)",75
PI,1,"[$30K, $50K)",68
PI,1,"[$30K, $50K)",65
PI,1,"[$30K, $50K)",66
PI,1,"[$30K, $50K)",65
No PI,1,"[$30K, $50K)",67
PI,1,"[$30K, $50K)",66
PI,0,"[$30K, $50K)",61
PI,1,"[$30K, $50K)",64
PI,0,"[$30K, $50K)",61
No PI,0,"[$30K, $50K)",68
No PI,0,"[$30K, $50K)",64
PI,1,"[$30K, $50K)",67
PI,1,"[$30K, $50K)",65
PI,1,"[$30K, $50K)",65
No PI,0,"[$30K, $50K)",60
PI,1,"[$30K, $50K)",65
PI,0,"[$30K, $50K)",65
No PI,1,"[$30K, $50K)",68
No PI,1,"[$30K, $50K)",67
No PI,1,"[$30K, $50K)",68
No PI,0,"[$30K, $50K)",62
No PI,1,"[$30K, $50K)",68
No PI,1,"[$30K, $50K)",69
No PI,0,"[$30K, $50K)",68
No PI,1,"[$30K, $50K)",79
No PI,0,"[$30K, $50K)",68
No PI,1,"[$30K, $50K)",65
No PI,1,"[$30K, $50K)",61
No PI,1,"[$30K, $50K)",67
No PI,1,"[$30K, $50K)",74
PI,0,"[$30K, $50K)",65
PI,0,"[$30K, $50K)",60
PI,0,"[$30K, $50K)",66
No PI,0,"[$30K, $50K)",60
No PI,1,"[$30K, $50K)",68
No PI,1,"[$30K, $50K)",68
No PI,1,"[$30K, $50K)",64
No PI,1,"[$30K, $50K)",68
PI,1,"[$30K, $50K)",65
No PI,1,"[$30K, $50K)",72
PI,1,"[$30K, $50K)",69
PI,1,"[$30K, $50K)",66
PI,1,"[$30K, $50K)",67
PI,0,"[$30K, $50K)",68
PI,0,"[$30K, $50K)",64
No PI,1,"[$30K, $50K)",70
PI,0,"[$30K, $50K)",67
No PI,1,"[$30K, $50K)",66
No PI,1,"[$30K, $50K)",69
No PI,1,"[$30K, $50K)",66
No PI,1,"[$30K, $50K)",65
No PI,1,"[$30K, $50K)",72
No PI,1,"[$30K, $50K)",65
PI,1,"[$30K, $50K)",69
PI,1,"[$30K, $50K)",67
No PI,1,"[$30K, $50K)",67
No PI,1,"[$30K, $50K)",65
PI,1,"[$30K, $50K)",68
PI,1,"[$30K, $50K)",66
PI,1,"[$30K, $50K)",71
PI,1,"[$30K, $50K)",67
No PI,1,"[$30K, $50K)",73
No PI,0,"[$30K, $50K)",68
PI,1,"[$30K, $50K)",66
PI,0,"[$30K, $50K)",65
No PI,1,"[$30K, $50K)",69
PI,1,"[$30K, $50K)",69
PI,1,"[$30K, $50K)",63
PI,1,"[$30K, $50K)",65
PI,0,"[$30K, $50K)",63
PI,1,"[$30K, $50K)",63
No PI,0,"[$30K, $50K)",59
PI,1,"[$30K, $50K)",70
No PI,0,"[$30K, $50K)",65
PI,1,"[$30K, $50K)",69
PI,1,"[$30K, $50K)",63
PI,0,"[$30K, $50K)",68
PI,1,"[$30K, $50K)",70
No PI,1,"[$30K, $50K)",68
PI,1,"[$30K, $50K)",73
No PI,0,"[$30K, $50K)",69
No PI,1,"[$30K, $50K)",67
PI,0,"[$30K, $50K)",67
No PI,0,"[$30K, $50K)",64
PI,1,"[$30K, $50K)",70
No PI,1,"[$30K, $50K)",77
No PI,1,"[$30K, $50K)",65
PI,1,"[$30K, $50K)",70
No PI,1,"[$30K, $50K)",67
PI,1,"[$30K, $50K)",69
PI,1,"[$30K, $50K)",71
PI,0,"[$30K, $50K)",66
PI,1,"[$30K, $50K)",67
No PI,1,"[$30K, $50K)",68
No PI,1,"[$30K, $50K)",66
No PI,0,"[$30K, $50K)",70
No PI,1,"[$30K, $50K)",68
No PI,0,"[$30K, $50K)",65
No PI,1,"[$30K, $50K)",72
No PI,1,"[$30K, $50K)",67
No PI,0,"[$30K, $50K)",67
No PI,0,"[$30K, $50K)",65
No PI,0,"[$30K, $50K)",64
PI,1,"[$30K, $50K)",68
No PI,1,"[$30K, $50K)",70
No PI,1,"[$30K, $50K)",65
No PI,0,"[$30K, $50K)",68
PI,1,"[$30K, $50K)",59
No PI,1,"[$30K, $50K)",70
No PI,1,"[$30K, $50K)",65
PI,1,"[$30K, $50K)",69
PI,0,"[$30K, $50K)",65
PI,1,"[$30K, $50K)",66
No PI,1,"[$30K, $50K)",64
No PI,1,"[$30K, $50K)",73
No PI,1,"[$30K, $50K)",75
PI,0,"[$30K, $50K)",68
PI,1,"[$30K, $50K)",68
No PI,1,"[$30K, $50K)",74
PI,1,"[$30K, $50K)",68
No PI,0,"[$30K, $50K)",65
PI,1,"[$30K, $50K)",73
PI,1,"[$30K, $50K)",65
PI,0,"[$30K, $50K)",59
PI,1,"[$30K, $50K)",67
No PI,1,"[$30K, $50K)",69
No PI,0,"[$30K, $50K)",59
PI,0,"[$30K, $50K)",65
PI,1,"[$30K, $50K)",68
No PI,1,"[$30K, $50K)",61
No PI,0,"[$30K, $50K)",66
No PI,1,"[$30K, $50K)",67
PI,1,"[$30K, $50K)",61
No PI,1,"[$30K, $50K)",69
No PI,1,"[$30K, $50K)",68
PI,1,"[$30K, $50K)",67
PI,1,"[$30K, $50K)",66
No PI,0,"[$30K, $50K)",65
No PI,1,"[$30K, $50K)",76
PI,1,"[$30K, $50K)",66
PI,1,"[$30K, $50K)",66
PI,1,"[$30K, $50K)",68
PI,1,"[$30K, $50K)",68
No PI,0,"[$30K, $50K)",58
PI,1,"[$30K, $50K)",71
PI,0,"[$30K, $50K)",67
No PI,1,"[$30K, $50K)",72
PI,1,"[$30K, $50K)",66
No PI,0,"[$30K, $50K)",67
No PI,1,"[$30K, $50K)",66
No PI,0,"[$30K, $50K)",71
PI,1,"[$30K, $50K)",81
PI,1,"[$30K, $50K)",68
PI,1,"[$30K, $50K)",65
PI,1,"[$30K, $50K)",68
PI,0,"[$30K, $50K)",60
No PI,1,"[$30K, $50K)",67
No PI,1,"[$30K, $50K)",73
No PI,1,"[$30K, $50K)",70
PI,1,"[$30K, $50K)",66
PI,1,"[$30K, $50K)",62
PI,0,"[$30K, $50K)",64
PI,1,"[$30K, $50K)",70
PI,0,"[$30K, $50K)",74
PI,1,"[$30K, $50K)",79
No PI,1,"[$30K, $50K)",68
No PI,1,"[$30K, $50K)",68
No PI,1,"[$30K, $50K)",69
PI,1,"[$30K, $50K)",67
No PI,0,"[$30K, $50K)",67
PI,1,"[$30K, $50K)",66
PI,1,"[$30K, $50K)",68
PI,1,"[$30K, $50K)",67
PI,1,"[$30K, $50K)",74
No PI,1,"[$30K, $50K)",67
PI,1,"[$30K, $50K)",68
PI,1,"[$30K, $50K)",70
PI,1,"[$30K, $50K)",76
PI,1,"[$30K, $50K)",66
No PI,1,"[$30K, $50K)",65
PI,0,"[$30K, $50K)",63
No PI,1,"[$30K, $50K)",67
No PI,1,"[$30K, $50K)",70
No PI,1,"[$30K, $50K)",67
PI,0,"[$30K, $50K)",65
PI,1,"[$30K, $50K)",65
No PI,1,"[$30K, $50K)",67
No PI,1,"[$30K, $50K)",65
PI,1,"[$30K, $50K)",70
PI,1,"[$30K, $50K)",66
PI,1,"[$30K, $50K)",67
No PI,1,"[$30K, $50K)",72
No PI,1,"[$30K, $50K)",67
No PI,0,"[$30K, $50K)",65
No PI,0,"[$30K, $50K)",72
PI,1,"[$30K, $50K)",75
PI,1,"[$30K, $50K)",66
No PI,1,"[$30K, $50K)",65
No PI,1,"[$30K, $50K)",68
No PI,1,"[$30K, $50K)",68
PI,0,"[$30K, $50K)",68
PI,1,"[$30K, $50K)",68
No PI,0,"[$30K, $50K)",66
No PI,1,"[$30K, $50K)",65
No PI,1,"[$30K, $50K)",72
No PI,1,"[$30K, $50K)",69
No PI,0,"[$30K, $50K)",68
PI,1,"[$30K, $50K)",67
No PI,1,"[$30K, $50K)",69
No PI,0,"[$30K, $50K)",72
No PI,1,"[$30K, $50K)",69
No PI,1,"[$30K, $50K)",67
No PI,0,"[$30K, $50K)",65
PI,1,"[$30K, $50K)",67
No PI,1,"[$30K, $50K)",66
No PI,0,"[$30K, $50K)",63
PI,1,"[$30K, $50K)",73
PI,1,"[$30K, $50K)",69
PI,1,"[$30K, $50K)",66
PI,0,"[$30K, $50K)",66
No PI,0,"[$30K, $50K)",59
PI,1,"[$30K, $50K)",70
PI,1,"[$30K, $50K)",67
PI,1,"[$30K, $50K)",67
PI,1,"[$30K, $50K)",70
No PI,1,"[$30K, $50K)",65
No PI,0,"[$30K, $50K)",68
No PI,1,"[$30K, $50K)",67
PI,1,"[$30K, $50K)",68
PI,1,"[$30K, $50K)",67
PI,0,"[$30K, $50K)",67
PI,1,"[$30K, $50K)",76
No PI,1,"[$30K, $50K)",66
No PI,1,"[$30K, $50K)",71
No PI,0,"[$30K, $50K)",72
No PI,1,"[$30K, $50K)",69
No PI,1,"[$30K, $50K)",76
No PI,0,"[$30K, $50K)",67
No PI,1,"[$30K, $50K)",70
PI,1,"[$30K, $50K)",65
PI,1,"[$30K, $50K)",69
PI,1,"[$30K, $50K)",71
No PI,1,"[$30K, $50K)",69
No PI,1,"[$30K, $50K)",65
No PI,0,"[$30K, $50K)",65
PI,1,"[$30K, $50K)",68
No PI,1,"[$30K, $50K)",68
PI,0,"[$30K, $50K)",60
No PI,0,"[$30K, $50K)",66
No PI,1,"[$30K, $50K)",66
No PI,1,"[$30K, $50K)",66
No PI,1,"[$30K, $50K)",69
PI,1,"[$30K, $50K)",66
PI,1,"[$30K, $50K)",68
PI,1,"[$30K, $50K)",68
PI,1,"[$30K, $50K)",65
PI,1,"[$30K, $50K)",66
PI,1,"[$30K, $50K)",67
PI,0,"[$30K, $50K)",70
PI,1,"[$30K, $50K)",72
PI,1,"[$30K, $50K)",74
No PI,1,"[$30K, $50K)",69
No PI,1,"[$30K, $50K)",67
No PI,0,"[$30K, $50K)",70
PI,1,"[$30K, $50K)",65
PI,0,"[$30K, $50K)",67
PI,1,"[$30K, $50K)",69
PI,1,"[$30K, $50K)",66
PI,1,"[$30K, $50K)",73
No PI,1,"[$30K, $50K)",71
No PI,1,"[$30K, $50K)",68
No PI,1,"[$30K, $50K)",65
PI,1,"[$30K, $50K)",60
PI,0,"[$30K, $50K)",69
PI,1,"[$30K, $50K)",66
PI,1,"[$30K, $50K)",65
PI,1,"[$30K, $50K)",65
PI,1,"[$30K, $50K)",68
No PI,1,"[$30K, $50K)",65
PI,1,"[$30K, $50K)",68
No PI,0,"[$30K, $50K)",71
No PI,1,"[$30K, $50K)",67
No PI,1,"[$30K, $50K)",67
PI,0,"[$30K, $50K)",69
PI,0,"[$30K, $50K)",66
PI,1,"[$30K, $50K)",67
PI,0,"[$30K, $50K)",63
No PI,1,"[$30K, $50K)",66
PI,1,"[$30K, $50K)",68
PI,1,"[$30K, $50K)",68
PI,1,"[$30K, $50K)",67
PI,1,"[$30K, $50K)",70
PI,0,"[$30K, $50K)",65
No PI,0,"[$30K, $50K)",67
PI,1,"[$30K, $50K)",63
No PI,0,"[$30K, $50K)",60
PI,0,"[$30K, $50K)",65
No PI,1,"[$30K, $50K)",67
No PI,0,"[$30K, $50K)",68
No PI,1,"[$30K, $50K)",68
PI,0,"[$30K, $50K)",59
No PI,1,"[$30K, $50K)",66
PI,0,"[$30K, $50K)",66
PI,1,"[$30K, $50K)",65
PI,0,"[$30K, $50K)",60
PI,0,"[$30K, $50K)",65
No PI,0,"[$30K, $50K)",67
No PI,0,"[$30K, $50K)",73
No PI,1,"[$30K, $50K)",82
PI,1,"[$30K, $50K)",70
No PI,1,"[$30K, $50K)",71
No PI,0,"[$30K, $50K)",69
PI,1,"[$30K, $50K)",68
No PI,1,"[$30K, $50K)",68
No PI,1,"[$30K, $50K)",75
No PI,1,"[$30K, $50K)",66
No PI,1,"[$30K, $50K)",73
No PI,0,"[$30K, $50K)",67
No PI,1,"[$30K, $50K)",65
PI,0,"[$30K, $50K)",67
PI,1,"[$30K, $50K)",68
No PI,1,"[$30K, $50K)",66
PI,1,"[$30K, $50K)",65
PI,1,"[$30K, $50K)",66
PI,0,"[$30K, $50K)",65
PI,1,"[$30K, $50K)",69
PI,0,"[$30K, $50K)",66
No PI,1,"[$30K, $50K)",70
PI,0,"[$30K, $50K)",73
PI,0,"[$30K, $50K)",65
No PI,1,"[$30K, $50K)",75
PI,1,"[$30K, $50K)",69
PI,1,"[$30K, $50K)",73
No PI,1,"[$30K, $50K)",68
No PI,0,"[$30K, $50K)",68
No PI,0,"[$30K, $50K)",68
PI,1,"[$30K, $50K)",66
PI,0,"[$30K, $50K)",67
PI,1,"[$30K, $50K)",65
No PI,1,"[$30K, $50K)",65
No PI,1,"[$30K, $50K)",65
No PI,1,"[$30K, $50K)",66
PI,1,"[$30K, $50K)",66
PI,1,"[$30K, $50K)",71
No PI,1,"[$30K, $50K)",71
No PI,1,"[$30K, $50K)",65
PI,1,"[$30K, $50K)",66
PI,0,"[$30K, $50K)",65
PI,0,"[$30K, $50K)",67
PI,0,"[$30K, $50K)",65
No PI,0,"[$30K, $50K)",67
No PI,0,"[$30K, $50K)",60
PI,1,"[$30K, $50K)",68
PI,1,"[$30K, $50K)",68
PI,1,"[$30K, $50K)",65
PI,1,"[$30K, $50K)",66
PI,0,"[$30K, $50K)",67
No PI,1,"[$30K, $50K)",68
PI,0,"[$30K, $50K)",71
PI,1,"[$30K, $50K)",70
PI,1,"[$30K, $50K)",68
PI,1,"[$30K, $50K)",68
PI,1,"[$30K, $50K)",71
PI,1,"[$30K, $50K)",75
No PI,1,"[$30K, $50K)",69
No PI,1,"[$30K, $50K)",73
PI,1,"[$30K, $50K)",74
PI,1,"[$30K, $50K)",67
No PI,1,"[$30K, $50K)",69
No PI,1,"[$30K, $50K)",69
No PI,0,"[$30K, $50K)",67
PI,1,"[$30K, $50K)",69
PI,0,"[$30K, $50K)",71
No PI,0,"[$30K, $50K)",65
No PI,0,"[$30K, $50K)",68
No PI,0,"[$30K, $50K)",65
PI,1,"[$30K, $50K)",65
PI,1,"[$30K, $50K)",78
PI,0,"[$30K, $50K)",68
PI,0,"[$30K, $50K)",68
No PI,0,"[$30K, $50K)",59
No PI,0,"[$30K, $50K)",66
PI,0,"[$30K, $50K)",66
PI,1,"[$30K, $50K)",66
PI,1,"[$30K, $50K)",68
No PI,0,"[$30K, $50K)",65
PI,1,"[$30K, $50K)",65
PI,0,"[$30K, $50K)",68
No PI,0,"[$30K, $50K)",67
PI,1,"[$30K, $50K)",82
PI,1,"[$30K, $50K)",68
PI,1,"[$30K, $50K)",70
PI,0,"[$30K, $50K)",67
PI,0,"[$30K, $50K)",66
No PI,0,"[$30K, $50K)",66
No PI,1,"[$30K, $50K)",69
No PI,1,"[$30K, $50K)",66
PI,1,"[$30K, $50K)",70
PI,1,"[$30K, $50K)",66
No PI,1,"[$30K, $50K)",71
No PI,0,"[$30K, $50K)",67
No PI,1,"[$30K, $50K)",65
No PI,1,"[$30K, $50K)",70
No PI,0,"[$30K, $50K)",66
No PI,1,"[$30K, $50K)",66
PI,1,"[$30K, $50K)",66
PI,1,"[$30K, $50K)",68
PI,0,"[$30K, $50K)",67
No PI,1,"[$30K, $50K)",79
No PI,1,"[$30K, $50K)",70
No PI,0,"[$30K, $50K)",68
No PI,1,"[$30K, $50K)",69
No PI,0,"[$30K, $50K)",67
PI,0,"[$30K, $50K)",69
PI,0,"[$30K, $50K)",65
PI,0,"[$30K, $50K)",69
PI,1,"[$30K, $50K)",66
PI,0,"[$30K, $50K)",70
No PI,1,"[$30K, $50K)",68
No PI,0,"[$30K, $50K)",70
No PI,1,"[$30K, $50K)",66
No PI,0,"[$30K, $50K)",68
No PI,1,"[$30K, $50K)",65
PI,0,"[$30K, $50K)",64
PI,1,"[$30K, $50K)",72
No PI,1,"[$30K, $50K)",67
PI,1,"[$30K, $50K)",81
PI,1,"[$30K, $50K)",65
No PI,1,"[$30K, $50K)",69
No PI,0,"[$30K, $50K)",68
No PI,1,"[$30K, $50K)",71
PI,1,"[$30K, $50K)",66
No PI,1,"[$30K, $50K)",69
No PI,1,"[$30K, $50K)",74
PI,1,"[$30K, $50K)",70
PI,0,"[$30K, $50K)",65
No PI,1,"[$30K, $50K)",65
No PI,1,"[$30K, $50K)",64
PI,0,"[$30K, $50K)",66
PI,1,"[$30K, $50K)",66
PI,1,"[$30K, $50K)",69
PI,1,"[$30K, $50K)",68
No PI,1,"[$30K, $50K)",66
No PI,1,"[$30K, $50K)",62
PI,1,"[$30K, $50K)",68
PI,1,"[$30K, $50K)",65
No PI,1,"[$30K, $50K)",65
No PI,1,"[$30K, $50K)",73
PI,1,"[$30K, $50K)",67
PI,1,"[$30K, $50K)",67
No PI,1,"[$30K, $50K)",68
PI,1,"[$30K, $50K)",66
PI,1,"[$30K, $50K)",70
PI,0,"[$30K, $50K)",66
PI,0,"[$30K, $50K)",70
PI,1,"[$30K, $50K)",65
No PI,1,"[$30K, $50K)",65
No PI,1,"[$30K, $50K)",69
No PI,0,"[$30K, $50K)",68
PI,1,"[$30K, $50K)",69
PI,1,"[$30K, $50K)",69
No PI,0,"[$30K, $50K)",68
PI,1,"[$30K, $50K)",65
PI,1,"[$30K, $50K)",71
PI,1,"[$30K, $50K)",66
PI,1,"[$30K, $50K)",65
PI,1,"[$30K, $50K)",66
PI,1,"[$30K, $50K)",75
No PI,1,"[$30K, $50K)",68
No PI,0,"[$30K, $50K)",66
PI,1,"[$30K, $50K)",68
PI,0,"[$30K, $50K)",66
No PI,0,"[$30K, $50K)",68
No PI,1,"[$30K, $50K)",68
No PI,1,"[$30K, $50K)",66
PI,0,"[$30K, $50K)",68
PI,1,"[$30K, $50K)",60
PI,1,"[$30K, $50K)",65
No PI,1,"[$30K, $50K)",69
No PI,1,"[$30K, $50K)",73
No PI,1,"[$30K, $50K)",73
PI,1,"[$30K, $50K)",66
No PI,0,"[$30K, $50K)",58
No PI,1,"[$30K, $50K)",69
No PI,1,"[$30K, $50K)",68
No PI,1,"[$30K, $50K)",67
PI,1,"[$30K, $50K)",65
PI,1,"[$30K, $50K)",69
PI,1,"[$30K, $50K)",70
PI,0,"[$30K, $50K)",66
No PI,0,"[$30K, $50K)",69
No PI,1,"[$30K, $50K)",71
No PI,0,"[$30K, $50K)",69
PI,1,"[$30K, $50K)",66
PI,0,"[$30K, $50K)",66
No PI,1,"[$30K, $50K)",68
PI,0,"[$30K, $50K)",69
PI,0,"[$30K, $50K)",68
PI,0,"[$30K, $50K)",69
PI,0,"[$30K, $50K)",77
No PI,1,"[$30K, $50K)",65
PI,1,"[$30K, $50K)",62
PI,1,"[$30K, $50K)",57
No PI,0,"[$30K, $50K)",65
No PI,1,"[$30K, $50K)",65
No PI,1,"[$30K, $50K)",65
No PI,1,"[$30K, $50K)",72
No PI,1,"[$30K, $50K)",69
No PI,1,"[$30K, $50K)",65
No PI,1,"[$30K, $50K)",65
No PI,0,"[$30K, $50K)",67
PI,1,"[$30K, $50K)",67
No PI,1,"[$30K, $50K)",68
No PI,0,"[$30K, $50K)",65
PI,1,"[$30K, $50K)",65
PI,1,"[$30K, $50K)",65
No PI,1,"[$30K, $50K)",70
PI,1,"[$30K, $50K)",66
No PI,1,"[$30K, $50K)",68
No PI,1,"[$30K, $50K)",67
No PI,1,"[$30K, $50K)",72
PI,1,"[$30K, $50K)",71
PI,0,"[$30K, $50K)",65
No PI,1,"[$30K, $50K)",65
PI,1,"[$30K, $50K)",64
PI,0,"[$30K, $50K)",66
PI,1,"[$30K, $50K)",67
PI,0,"[$30K, $50K)",66
No PI,1,"[$30K, $50K)",66
PI,1,"[$30K, $50K)",73
PI,0,"[$30K, $50K)",65
No PI,1,"[$30K, $50K)",73
PI,1,"[$30K, $50K)",69
PI,0,"[$30K, $50K)",69
PI,1,>= $50K,66
PI,0,>= $50K,65
No PI,1,>= $50K,67
No PI,1,>= $50K,67
No PI,0,>= $50K,67
PI,1,>= $50K,69
PI,1,>= $50K,68
PI,1,>= $50K,58
PI,1,>= $50K,66
PI,1,>= $50K,70
PI,1,>= $50K,66
No PI,1,>= $50K,65
No PI,0,>= $50K,67
No PI,0,>= $50K,65
PI,0,>= $50K,67
PI,0,>= $50K,66
PI,1,>= $50K,67
PI,1,>= $50K,67
No PI,0,>= $50K,65
PI,1,>= $50K,65
PI,1,>= $50K,65
PI,1,>= $50K,65
PI,1,>= $50K,71
PI,1,>= $50K,68
PI,1,>= $50K,69
PI,1,>= $50K,68
PI,0,>= $50K,66
PI,1,>= $50K,72
No PI,0,>= $50K,66
PI,1,>= $50K,67
PI,1,>= $50K,69
PI,1,>= $50K,67
No PI,0,>= $50K,74
No PI,1,>= $50K,69
No PI,1,>= $50K,72
PI,0,>= $50K,66
PI,0,>= $50K,59
PI,0,>= $50K,60
No PI,1,>= $50K,68
PI,1,>= $50K,66
PI,1,>= $50K,70
PI,0,>= $50K,69
PI,1,>= $50K,70
No PI,0,>= $50K,65
No PI,0,>= $50K,66
PI,1,>= $50K,67
PI,0,>= $50K,67
PI,0,>= $50K,65
No PI,1,>= $50K,73
PI,0,>= $50K,68
No PI,1,>= $50K,68
No PI,0,>= $50K,72
No PI,1,>= $50K,65
PI,0,>= $50K,65
PI,1,>= $50K,66
No PI,1,>= $50K,67
No PI,0,>= $50K,68
No PI,1,>= $50K,65
No PI,0,>= $50K,72
PI,1,>= $50K,67
PI,1,>= $50K,65
No PI,1,>= $50K,69
PI,1,>= $50K,66
PI,1,>= $50K,66
PI,1,>= $50K,65
PI,0,>= $50K,65
PI,1,>= $50K,68
No PI,1,>= $50K,73
PI,1,>= $50K,65
PI,1,>= $50K,72
No PI,0,>= $50K,65
PI,0,>= $50K,66
No PI,1,>= $50K,72
No PI,1,>= $50K,67
No PI,1,>= $50K,68
PI,1,>= $50K,69
PI,1,>= $50K,70
No PI,1,>= $50K,65
PI,1,>= $50K,72
PI,1,>= $50K,67
PI,1,>= $50K,68
PI,1,>= $50K,71
PI,1,>= $50K,65
PI,0,>= $50K,69
No PI,1,>= $50K,67
No PI,1,>= $50K,68
PI,1,>= $50K,66
PI,0,>= $50K,75
PI,1,>= $50K,79
PI,1,>= $50K,67
PI,1,>= $50K,81
PI,0,>= $50K,66
No PI,1,>= $50K,73
No PI,1,>= $50K,69
PI,1,>= $50K,65
No PI,1,>= $50K,66
PI,1,>= $50K,68
PI,1,>= $50K,69
PI,1,>= $50K,69
PI,1,>= $50K,65
No PI,1,>= $50K,68
No PI,0,>= $50K,68
No PI,0,>= $50K,71
No PI,0,>= $50K,69
No PI,1,>= $50K,75
No PI,0,>= $50K,65
No PI,0,>= $50K,64
No PI,1,>= $50K,67
No PI,1,>= $50K,71
PI,1,>= $50K,66
No PI,1,>= $50K,70
No PI,1,>= $50K,67
No PI,1,>= $50K,67
PI,0,>= $50K,65
No PI,1,>= $50K,68
PI,1,>= $50K,69
PI,1,>= $50K,70
PI,1,>= $50K,65
PI,1,>= $50K,75
PI,1,>= $50K,61
PI,1,>= $50K,66
PI,0,>= $50K,60
PI,1,>= $50K,63
PI,1,>= $50K,65
No PI,0,>= $50K,66
No PI,0,>= $50K,68
No PI,1,>= $50K,69
No PI,0,>= $50K,65
No PI,0,>= $50K,65
PI,1,>= $50K,65
PI,0,>= $50K,77
PI,0,>= $50K,67
PI,1,>= $50K,69
PI,1,>= $50K,73
PI,1,>= $50K,67
PI,1,>= $50K,62
No PI,1,>= $50K,67
No PI,0,>= $50K,68
PI,0,>= $50K,65
PI,1,>= $50K,66
No PI,1,>= $50K,65
PI,0,>= $50K,63
No PI,1,>= $50K,67
No PI,1,>= $50K,67
PI,1,>= $50K,67
No PI,1,>= $50K,68
No PI,1,>= $50K,70
PI,1,>= $50K,69
No PI,1,>= $50K,76
No PI,1,>= $50K,65
PI,0,>= $50K,65
No PI,1,>= $50K,66
No PI,0,>= $50K,67
No PI,1,>= $50K,67
PI,1,>= $50K,65
No PI,1,>= $50K,67
No PI,1,>= $50K,65
No PI,1,>= $50K,70
No PI,0,>= $50K,68
No PI,0,>= $50K,66
PI,1,>= $50K,67
PI,1,>= $50K,67
No PI,0,>= $50K,67
PI,1,>= $50K,66
PI,1,>= $50K,66
PI,0,>= $50K,58
No PI,1,>= $50K,67
No PI,0,>= $50K,66
PI,1,>= $50K,66
No PI,1,>= $50K,65
No PI,0,>= $50K,60
PI,1,>= $50K,66
PI,0,>= $50K,65
PI,0,>= $50K,70
PI,0,>= $50K,67
PI,0,>= $50K,68
PI,1,>= $50K,67
PI,1,>= $50K,67
PI,1,>= $50K,67
PI,0,>= $50K,66
PI,1,>= $50K,68
No PI,1,>= $50K,67
No PI,0,>= $50K,65
PI,1,>= $50K,72
No PI,1,>= $50K,71
PI,0,>= $50K,65
PI,1,>= $50K,66
No PI,0,>= $50K,65
PI,1,>= $50K,68
No PI,1,>= $50K,67
No PI,0,>= $50K,52
No PI,1,>= $50K,65
No PI,0,>= $50K,64
No PI,1,>= $50K,66
PI,1,>= $50K,67
PI,0,>= $50K,63
PI,1,>= $50K,60
PI,1,>= $50K,66
PI,1,>= $50K,67
PI,1,>= $50K,65
No PI,1,>= $50K,68
No PI,1,>= $50K,68
No PI,0,>= $50K,60
PI,0,>= $50K,60
PI,0,>= $50K,60
No PI,1,>= $50K,67
PI,1,>= $50K,68
No PI,1,>= $50K,71
PI,0,>= $50K,64
No PI,1,>= $50K,66
PI,1,>= $50K,66
PI,0,>= $50K,59
No PI,1,>= $50K,66
PI,1,>= $50K,64
PI,1,>= $50K,62
No PI,0,>= $50K,69
PI,1,>= $50K,69
PI,1,>= $50K,68
PI,0,>= $50K,65
No PI,1,>= $50K,65
PI,1,>= $50K,66
PI,0,>= $50K,68
PI,0,>= $50K,69
PI,0,>= $50K,67
No PI,1,>= $50K,65
No PI,1,>= $50K,66
No PI,1,>= $50K,68
PI,1,>= $50K,73
PI,1,>= $50K,71
PI,1,>= $50K,58
PI,0,>= $50K,65
PI,1,>= $50K,68
PI,0,>= $50K,66
PI,1,>= $50K,66
PI,1,>= $50K,67
PI,1,>= $50K,67
PI,1,>= $50K,66
PI,1,>= $50K,62
PI,1,>= $50K,69
No PI,1,>= $50K,67
No PI,1,>= $50K,66
No PI,1,>= $50K,69
No PI,0,>= $50K,65
PI,1,>= $50K,68
PI,1,>= $50K,67
PI,1,>= $50K,72
PI,1,>= $50K,62
No PI,1,>= $50K,67
PI,0,>= $50K,69
No PI,1,>= $50K,75
No PI,1,>= $50K,67
No PI,0,>= $50K,68
No PI,1,>= $50K,69
PI,1,>= $50K,65
No PI,1,>= $50K,65
No PI,0,>= $50K,65
No PI,0,>= $50K,65
PI,1,>= $50K,66
PI,1,>= $50K,67
PI,1,>= $50K,67
No PI,1,>= $50K,65
PI,1,>= $50K,66
PI,1,>= $50K,67
PI,1,>= $50K,66
PI,1,>= $50K,66
No PI,1,>= $50K,66
PI,1,>= $50K,69
No PI,0,>= $50K,65
No PI,1,>= $50K,69
No PI,0,>= $50K,70
No PI,1,>= $50K,66
No PI,0,>= $50K,68
PI,1,>= $50K,72
PI,1,>= $50K,67
No PI,1,>= $50K,65
PI,1,>= $50K,61
PI,1,>= $50K,65
PI,0,>= $50K,62
No PI,1,>= $50K,67
PI,1,>= $50K,63
PI,1,>= $50K,61
PI,1,>= $50K,64
PI,1,>= $50K,65
PI,1,>= $50K,72
PI,1,>= $50K,66
No PI,1,>= $50K,66
PI,1,>= $50K,66
PI,1,>= $50K,66
No PI,1,>= $50K,67
No PI,0,>= $50K,65
PI,0,>= $50K,66
No PI,1,>= $50K,65
No PI,1,>= $50K,65
PI,1,>= $50K,72
PI,0,>= $50K,66
PI,0,>= $50K,67
PI,1,>= $50K,66
PI,0,>= $50K,69
No PI,1,>= $50K,65
PI,0,>= $50K,63
No PI,0,>= $50K,65
PI,0,>= $50K,69
PI,1,>= $50K,69
PI,1,>= $50K,80
No PI,0,>= $50K,70
PI,1,>= $50K,67
PI,1,>= $50K,68
PI,1,>= $50K,65
No PI,1,>= $50K,68
No PI,1,>= $50K,66
No PI,1,>= $50K,70
PI,0,>= $50K,65
No PI,1,>= $50K,68
PI,1,>= $50K,70
PI,1,>= $50K,66
PI,0,>= $50K,68
PI,1,>= $50K,73
PI,1,>= $50K,65
No PI,1,>= $50K,67
PI,1,>= $50K,68
PI,1,>= $50K,66
PI,0,>= $50K,65
No PI,0,>= $50K,72
PI,1,>= $50K,66
PI,1,>= $50K,65
PI,1,>= $50K,68
PI,0,>= $50K,66
PI,1,>= $50K,67
PI,1,>= $50K,66
PI,1,>= $50K,67
No PI,1,>= $50K,72
PI,0,>= $50K,69
PI,0,>= $50K,65
No PI,1,>= $50K,63
PI,1,>= $50K,73
PI,1,>= $50K,72
PI,1,>= $50K,59
PI,1,>= $50K,65
No PI,1,>= $50K,68
No PI,1,>= $50K,70
No PI,0,>= $50K,69
PI,1,>= $50K,72
PI,1,>= $50K,62
No PI,0,>= $50K,66
No PI,0,>= $50K,65
PI,1,>= $50K,69
PI,0,>= $50K,58
PI,0,>= $50K,69
PI,0,>= $50K,65
No PI,1,>= $50K,72
No PI,1,>= $50K,67
PI,0,>= $50K,68
No PI,0,>= $50K,66
PI,1,>= $50K,66
No PI,1,>= $50K,69
No PI,1,>= $50K,65
PI,1,>= $50K,68
PI,1,>= $50K,68
PI,1,>= $50K,66
PI,1,>= $50K,65
PI,0,>= $50K,71
No PI,0,>= $50K,68
PI,1,>= $50K,65
No PI,0,>= $50K,65
PI,0,>= $50K,68
No PI,1,>= $50K,59
PI,0,>= $50K,65
No PI,1,>= $50K,63
PI,1,>= $50K,63
No PI,1,>= $50K,68
No PI,0,>= $50K,67
No PI,1,>= $50K,71
PI,1,>= $50K,71
No PI,1,>= $50K,69
No PI,1,>= $50K,70
No PI,1,>= $50K,73
PI,0,>= $50K,65
No PI,1,>= $50K,67
PI,1,>= $50K,68
No PI,0,>= $50K,61
PI,1,>= $50K,65
PI,1,>= $50K,68
No PI,1,>= $50K,67
No PI,1,>= $50K,70
PI,0,>= $50K,66
PI,1,>= $50K,65
PI,1,>= $50K,72
No PI,1,>= $50K,66
No PI,1,>= $50K,68
PI,0,>= $50K,66
PI,1,>= $50K,67
PI,1,>= $50K,74
No PI,1,>= $50K,68
No PI,0,>= $50K,66
No PI,1,>= $50K,68
No PI,1,>= $50K,66
No PI,1,>= $50K,67
PI,1,>= $50K,74
PI,1,>= $50K,67
No PI,1,>= $50K,65
No PI,1,>= $50K,66
No PI,1,>= $50K,66
No PI,1,>= $50K,66
No PI,1,>= $50K,60
PI,1,>= $50K,68
PI,1,>= $50K,68
PI,0,>= $50K,65
No PI,1,>= $50K,68
PI,1,>= $50K,67
PI,0,>= $50K,67
PI,0,>= $50K,66
No PI,0,>= $50K,66
No PI,1,>= $50K,65
PI,1,>= $50K,71
PI,0,>= $50K,66
PI,1,>= $50K,67
PI,1,>= $50K,67
No PI,1,>= $50K,72
PI,1,>= $50K,65
PI,1,>= $50K,69
PI,1,>= $50K,67
PI,1,>= $50K,69
PI,0,>= $50K,69
PI,1,>= $50K,69
No PI,1,>= $50K,70
PI,1,>= $50K,67
PI,1,>= $50K,68
No PI,0,>= $50K,65
No PI,1,>= $50K,65
PI,1,>= $50K,66
No PI,1,>= $50K,65
No PI,0,>= $50K,67
No PI,0,>= $50K,65
No PI,1,>= $50K,67
No PI,1,>= $50K,67
No PI,0,>= $50K,71
No PI,0,>= $50K,68
PI,0,>= $50K,66
PI,0,>= $50K,62
PI,1,>= $50K,70
PI,1,>= $50K,69
PI,0,>= $50K,69
PI,0,>= $50K,65
No PI,0,>= $50K,67
PI,1,>= $50K,70
PI,1,>= $50K,68
No PI,1,>= $50K,69
No PI,0,>= $50K,66
PI,0,>= $50K,65
PI,1,>= $50K,68
PI,1,>= $50K,68
PI,1,>= $50K,65
No PI,0,>= $50K,68
No PI,1,>= $50K,72
No PI,1,>= $50K,69
No PI,0,>= $50K,68
PI,1,>= $50K,65
PI,1,>= $50K,70
PI,0,>= $50K,68
No PI,1,>= $50K,73
No PI,1,>= $50K,66
No PI,0,>= $50K,67
No PI,1,>= $50K,66
PI,1,>= $50K,65
No PI,0,>= $50K,68
PI,0,>= $50K,67
No PI,0,>= $50K,67
PI,0,>= $50K,55
PI,1,>= $50K,70
PI,0,>= $50K,65
No PI,1,>= $50K,74
No PI,0,>= $50K,68
No PI,1,>= $50K,69
No PI,0,>= $50K,65
PI,0,>= $50K,65
No PI,1,>= $50K,70
No PI,0,>= $50K,63
No PI,1,>= $50K,67
PI,1,>= $50K,67
PI,0,>= $50K,65
PI,1,>= $50K,69
No PI,0,>= $50K,67
PI,1,>= $50K,69
No PI,0,>= $50K,65
PI,0,>= $50K,69
No PI,1,>= $50K,68
No PI,1,>= $50K,68
PI,0,>= $50K,65
PI,1,>= $50K,65
No PI,1,>= $50K,67
No PI,1,>= $50K,66
No PI,1,>= $50K,68
No PI,0,>= $50K,68
PI,1,>= $50K,65
No PI,1,>= $50K,66
No PI,1,>= $50K,66
PI,1,>= $50K,62
No PI,0,>= $50K,71
No PI,0,>= $50K,69
No PI,1,>= $50K,66
No PI,1,>= $50K,65
PI,1,>= $50K,73
PI,1,>= $50K,63
PI,0,>= $50K,65
PI,0,>= $50K,67
No PI,1,>= $50K,71
No PI,1,>= $50K,67
PI,1,>= $50K,62
No PI,0,>= $50K,65
No PI,1,>= $50K,68
PI,1,>= $50K,66
PI,1,>= $50K,68
No PI,0,>= $50K,66
PI,1,>= $50K,71
PI,1,>= $50K,68
PI,0,>= $50K,68
No PI,1,>= $50K,70
No PI,1,>= $50K,66
No PI,1,>= $50K,69
PI,0,>= $50K,65
PI,1,>= $50K,66
No PI,1,>= $50K,65
No PI,1,>= $50K,66
PI,1,>= $50K,71
No PI,0,>= $50K,69
PI,1,>= $50K,66
PI,0,>= $50K,65
PI,0,>= $50K,70
No PI,1,>= $50K,65
PI,1,>= $50K,68
PI,1,>= $50K,68
PI,0,>= $50K,66
PI,0,>= $50K,67
No PI,1,>= $50K,65
PI,1,>= $50K,71
PI,1,>= $50K,72
No PI,0,>= $50K,67
PI,1,>= $50K,70
No PI,1,>= $50K,65
PI,1,>= $50K,65
PI,1,>= $50K,67
No PI,1,>= $50K,67
No PI,0,>= $50K,66
PI,1,>= $50K,67
PI,1,>= $50K,67
PI,1,>= $50K,69
No PI,0,>= $50K,67
No PI,0,>= $50K,65
No PI,1,>= $50K,69
No PI,1,>= $50K,69
PI,1,>= $50K,67
PI,0,>= $50K,67
PI,1,>= $50K,66
PI,1,>= $50K,71
PI,1,>= $50K,71
PI,0,>= $50K,65
No PI,1,>= $50K,65
PI,1,>= $50K,71
PI,0,>= $50K,60
No PI,1,>= $50K,65
No PI,0,>= $50K,66
No PI,1,>= $50K,66
PI,0,>= $50K,67
PI,1,>= $50K,67
No PI,1,>= $50K,68
No PI,1,>= $50K,65
PI,1,>= $50K,71
No PI,0,>= $50K,70
No PI,1,>= $50K,66
No PI,0,>= $50K,58
No PI,0,>= $50K,66
PI,0,>= $50K,67
No PI,1,>= $50K,65
No PI,1,>= $50K,67
PI,0,>= $50K,67
PI,0,>= $50K,65
No PI,0,>= $50K,69
PI,1,>= $50K,65
No PI,1,>= $50K,65
No PI,1,>= $50K,66
No PI,1,>= $50K,68
No PI,1,>= $50K,67
No PI,1,>= $50K,67
No PI,0,>= $50K,67
No PI,1,>= $50K,67
No PI,1,>= $50K,69
PI,1,>= $50K,70
PI,0,>= $50K,68
PI,1,>= $50K,66
PI,0,>= $50K,65
No PI,1,>= $50K,69
PI,0,>= $50K,66
PI,1,>= $50K,67
PI,0,>= $50K,66
PI,0,>= $50K,65
PI,0,>= $50K,59
PI,1,>= $50K,67
No PI,1,>= $50K,70
No PI,0,>= $50K,68
No PI,0,>= $50K,72
PI,0,>= $50K,66
No PI,1,>= $50K,70
PI,1,>= $50K,60
No PI,1,>= $50K,68
PI,1,>= $50K,66
PI,0,>= $50K,67
PI,1,>= $50K,68
PI,1,>= $50K,65
PI,0,>= $50K,68
No PI,1,>= $50K,74
No PI,0,>= $50K,66
PI,0,>= $50K,58
PI,1,>= $50K,70
PI,0,>= $50K,69
No PI,1,>= $50K,59
PI,1,>= $50K,64
No PI,0,>= $50K,67
PI,1,>= $50K,68
PI,1,>= $50K,74
No PI,1,>= $50K,69
No PI,1,>= $50K,69
PI,1,>= $50K,68
PI,1,>= $50K,59
No PI,1,>= $50K,65
No PI,1,>= $50K,66
PI,1,>= $50K,72
No PI,0,>= $50K,65
No PI,1,>= $50K,71
PI,1,>= $50K,65
No PI,0,>= $50K,66
PI,0,>= $50K,65
PI,0,>= $50K,72
No PI,0,>= $50K,67
PI,1,>= $50K,69
PI,1,>= $50K,68
PI,1,>= $50K,67
No PI,1,>= $50K,68
PI,0,>= $50K,65
No PI,0,>= $50K,68
No PI,0,>= $50K,65
No PI,1,>= $50K,68
PI,0,>= $50K,69
PI,0,>= $50K,69
No PI,0,>= $50K,66
PI,1,>= $50K,67
PI,1,>= $50K,70
PI,1,>= $50K,66
No PI,1,>= $50K,65
No PI,0,>= $50K,71
PI,0,>= $50K,68
PI,0,>= $50K,65
No PI,1,>= $50K,71
No PI,1,>= $50K,67
No PI,1,>= $50K,82
No PI,1,>= $50K,66
PI,1,>= $50K,73
PI,1,>= $50K,66
PI,1,>= $50K,67
PI,1,>= $50K,67
PI,0,>= $50K,67
PI,1,>= $50K,65
PI,1,>= $50K,65
PI,1,>= $50K,65
PI,0,>= $50K,69
PI,1,>= $50K,67
PI,0,>= $50K,65
PI,1,>= $50K,68
PI,1,>= $50K,67
No PI,1,>= $50K,66
No PI,0,>= $50K,70
No PI,1,>= $50K,66
No PI,1,>= $50K,68
No PI,1,>= $50K,66
No PI,1,>= $50K,68
PI,1,>= $50K,69
No PI,0,>= $50K,68
No PI,1,>= $50K,67
PI,0,>= $50K,68
PI,1,>= $50K,67
No PI,1,>= $50K,76
PI,0,>= $50K,69
No PI,1,>= $50K,73
PI,0,>= $50K,67
PI,1,>= $50K,68
PI,1,>= $50K,67
PI,1,>= $50K,58
No PI,0,>= $50K,69
No PI,0,>= $50K,68
PI,1,>= $50K,74
PI,1,>= $50K,68
PI,1,>= $50K,65
PI,1,>= $50K,71
No PI,0,>= $50K,69
No PI,0,>= $50K,65
PI,0,>= $50K,66
PI,1,>= $50K,67
No PI,1,>= $50K,61
PI,1,>= $50K,74
PI,1,>= $50K,66
PI,1,>= $50K,67
PI,0,>= $50K,65
No PI,1,>= $50K,66
No PI,0,>= $50K,69
PI,0,>= $50K,66
PI,1,>= $50K,72
PI,1,>= $50K,68
PI,1,>= $50K,70
PI,1,>= $50K,65
PI,1,>= $50K,71
PI,1,>= $50K,67
No PI,1,>= $50K,65
PI,1,>= $50K,68
PI,0,>= $50K,66
No PI,1,>= $50K,66
No PI,1,>= $50K,70
No PI,1,>= $50K,69
PI,0,>= $50K,65
No PI,0,>= $50K,66
PI,1,>= $50K,68
No PI,1,>= $50K,65
No PI,1,>= $50K,65
PI,0,>= $50K,65
PI,0,>= $50K,66
No PI,1,>= $50K,77
PI,1,>= $50K,67
No PI,1,>= $50K,68
No PI,1,>= $50K,70
PI,1,>= $50K,71
PI,0,>= $50K,66
PI,1,>= $50K,69
PI,1,>= $50K,73
No PI,0,>= $50K,66
No PI,0,>= $50K,66
PI,1,>= $50K,66
No PI,1,>= $50K,67
No PI,0,>= $50K,64
No PI,1,>= $50K,68
No PI,1,>= $50K,67
No PI,1,>= $50K,68
No PI,0,>= $50K,67
No PI,0,>= $50K,67
No PI,1,>= $50K,65
No PI,0,>= $50K,67
PI,0,>= $50K,65
PI,0,>= $50K,53
PI,1,>= $50K,68
PI,1,>= $50K,66
No PI,0,>= $50K,66
No PI,0,>= $50K,67
PI,1,>= $50K,65
No PI,0,>= $50K,65
No PI,1,>= $50K,68
No PI,0,>= $50K,69
No PI,1,>= $50K,71
No PI,1,>= $50K,65
PI,0,>= $50K,56
PI,1,>= $50K,69
PI,1,>= $50K,69
No PI,0,>= $50K,67
PI,0,>= $50K,73
PI,1,>= $50K,66
No PI,0,>= $50K,58
PI,1,>= $50K,61
PI,0,>= $50K,53
PI,0,>= $50K,66
PI,1,>= $50K,65
PI,1,>= $50K,65
PI,0,>= $50K,61
No PI,1,>= $50K,60
No PI,0,>= $50K,66
No PI,0,>= $50K,64
PI,0,>= $50K,65
No PI,1,>= $50K,67
No PI,1,>= $50K,67
No PI,0,>= $50K,68
PI,1,>= $50K,65
PI,0,>= $50K,65
No PI,0,>= $50K,72
PI,0,>= $50K,67
No PI,0,>= $50K,68
No PI,0,>= $50K,68
No PI,0,>= $50K,70
No PI,1,>= $50K,65
No PI,1,>= $50K,66
PI,0,>= $50K,65
No PI,1,>= $50K,73
No PI,0,>= $50K,67
PI,1,>= $50K,67
PI,0,>= $50K,64
No PI,1,>= $50K,66
No PI,1,>= $50K,65
No PI,1,>= $50K,73
No PI,1,>= $50K,68
No PI,0,>= $50K,69
No PI,1,>= $50K,66
No PI,1,>= $50K,70
No PI,0,>= $50K,66
PI,1,>= $50K,65
No PI,0,>= $50K,66
PI,0,>= $50K,66
No PI,1,>= $50K,65
No PI,1,>= $50K,67
PI,1,>= $50K,69
PI,0,>= $50K,67
PI,1,>= $50K,68
PI,1,>= $50K,65
PI,0,>= $50K,67
No PI,1,>= $50K,67
No PI,0,>= $50K,68
No PI,0,>= $50K,67
No PI,0,>= $50K,66
No PI,0,>= $50K,75
PI,1,>= $50K,69
PI,1,>= $50K,66
PI,0,>= $50K,65
No PI,1,>= $50K,68
No PI,0,>= $50K,73
PI,0,>= $50K,68
PI,1,>= $50K,67
PI,1,>= $50K,72
PI,0,>= $50K,69
No PI,0,>= $50K,71
No PI,1,>= $50K,66
PI,1,>= $50K,69
No PI,1,>= $50K,68
No PI,1,>= $50K,69
PI,1,>= $50K,68
PI,1,>= $50K,73
PI,1,>= $50K,68
No PI,1,>= $50K,66
No PI,1,>= $50K,74
No PI,1,>= $50K,68
No PI,0,>= $50K,68
PI,0,>= $50K,68
No PI,0,>= $50K,66
No PI,0,>= $50K,66
No PI,0,>= $50K,68
PI,0,>= $50K,65
No PI,1,>= $50K,66
No PI,1,>= $50K,69
PI,1,>= $50K,66
PI,0,>= $50K,66
PI,0,>= $50K,65
No PI,0,>= $50K,65
PI,0,>= $50K,65
PI,0,>= $50K,71
No PI,0,>= $50K,66
No PI,0,>= $50K,65
PI,1,>= $50K,67
No PI,0,>= $50K,61
PI,0,>= $50K,65
PI,0,>= $50K,65
PI,1,>= $50K,66
PI,1,>= $50K,66
No PI,0,>= $50K,65
No PI,0,>= $50K,68
PI,0,>= $50K,68
No PI,1,>= $50K,67
PI,0,>= $50K,72
No PI,0,>= $50K,67
PI,0,>= $50K,72
PI,1,>= $50K,73
PI,0,>= $50K,65
PI,0,>= $50K,65
No PI,0,>= $50K,72
PI,1,>= $50K,67
PI,0,>= $50K,73
PI,1,>= $50K,70
PI,1,>= $50K,67
PI,0,>= $50K,65
PI,1,>= $50K,69
No PI,0,>= $50K,65
No PI,1,>= $50K,68
No PI,1,>= $50K,73
No PI,0,>= $50K,68
PI,0,>= $50K,67
PI,0,>= $50K,70
No PI,1,>= $50K,68
No PI,0,>= $50K,67
PI,1,>= $50K,70
